,0,1,2,3,4,prediction
1680023,0.04,0.62,0.22,0.05,0.06,1
880330,0.03,0.66,0.16,0.09,0.07,1
351392,0.03,0.66,0.24,0.03,0.03,1
344102,0.04,0.54,0.26,0.11,0.04,1
1090315,0.04,0.66,0.23,0.04,0.03,1
573150,0.03,0.61,0.26,0.06,0.04,1
338286,0.04,0.62,0.2,0.11,0.03,1
1388895,0.01,0.77,0.18,0.03,0.01,1
808627,0.04,0.68,0.18,0.04,0.06,1
1047127,0.03,0.67,0.22,0.05,0.02,1
280907,0.06,0.73,0.14,0.04,0.04,1
476961,0.05,0.68,0.16,0.09,0.02,1
1402789,0.05,0.62,0.25,0.03,0.05,1
1396999,0.02,0.71,0.18,0.07,0.02,1
1731099,0.02,0.61,0.23,0.1,0.03,1
1712182,0.02,0.6,0.27,0.07,0.04,1
651317,0.03,0.65,0.21,0.06,0.05,1
790725,0.09,0.68,0.16,0.04,0.03,1
1393785,0.03,0.64,0.22,0.07,0.03,1
1056520,0.03,0.58,0.25,0.07,0.07,1
474824,0.02,0.66,0.21,0.07,0.04,1
1224126,0.02,0.61,0.22,0.11,0.04,1
1902502,0.04,0.61,0.23,0.07,0.05,1
472747,0.05,0.64,0.21,0.05,0.05,1
694700,0.04,0.51,0.4,0.04,0.02,1
1225399,0.05,0.64,0.23,0.05,0.04,1
351403,0.03,0.74,0.17,0.04,0.02,1
1469118,0.02,0.52,0.35,0.07,0.03,1
795688,0.02,0.45,0.38,0.13,0.03,1
1525429,0.02,0.66,0.23,0.07,0.02,1
148073,0.05,0.71,0.17,0.04,0.03,1
61927,0.02,0.69,0.23,0.04,0.01,1
1613634,0.01,0.23,0.07,0.03,0.67,4
532512,0.02,0.63,0.23,0.06,0.05,1
369808,0.03,0.69,0.2,0.04,0.04,1
1348826,0.02,0.73,0.18,0.06,0.01,1
857378,0.02,0.66,0.23,0.06,0.03,1
1465904,0.03,0.66,0.25,0.05,0.02,1
1046287,0.02,0.61,0.29,0.05,0.02,1
1150214,0.03,0.68,0.22,0.04,0.02,1
154345,0.06,0.7,0.14,0.08,0.02,1
531928,0.04,0.7,0.16,0.09,0.01,1
72443,0.04,0.58,0.28,0.04,0.05,1
987955,0.01,0.83,0.12,0.03,0.01,1
1349292,0.07,0.7,0.17,0.03,0.03,1
540228,0.03,0.65,0.24,0.06,0.03,1
959542,0.01,0.61,0.24,0.1,0.04,1
1389059,0.03,0.58,0.25,0.09,0.04,1
1052322,0.03,0.65,0.22,0.08,0.02,1
1386317,0.02,0.58,0.25,0.09,0.05,1
1718747,0.06,0.49,0.18,0.23,0.04,1
256784,0.06,0.7,0.18,0.04,0.02,1
862757,0.03,0.64,0.24,0.07,0.02,1
1080036,0.04,0.71,0.19,0.05,0.01,1
848707,0.09,0.71,0.14,0.03,0.03,1
56577,0.01,0.78,0.13,0.04,0.03,1
630901,0.03,0.7,0.19,0.06,0.02,1
539381,0.04,0.65,0.2,0.09,0.02,1
700492,0.02,0.54,0.31,0.08,0.04,1
1235722,0.02,0.69,0.24,0.03,0.02,1
1056723,0.06,0.63,0.21,0.08,0.02,1
1402667,0.01,0.7,0.2,0.05,0.04,1
1613486,0.04,0.6,0.28,0.05,0.04,1
1394079,0.05,0.64,0.19,0.09,0.03,1
700305,0.02,0.65,0.23,0.07,0.03,1
862875,0.03,0.78,0.12,0.04,0.03,1
1910503,0.02,0.68,0.23,0.04,0.03,1
1238013,0.03,0.67,0.23,0.04,0.03,1
1718732,0.03,0.73,0.17,0.05,0.02,1
987939,0.02,0.75,0.16,0.03,0.04,1
458384,0.02,0.52,0.38,0.06,0.02,1
637722,0.02,0.57,0.33,0.06,0.03,1
861803,0.04,0.74,0.18,0.02,0.01,1
793724,0.02,0.72,0.21,0.02,0.03,1
264342,0.02,0.76,0.16,0.04,0.02,1
148601,0.03,0.72,0.19,0.04,0.02,1
883873,0.02,0.62,0.24,0.05,0.07,1
1050726,0.02,0.59,0.28,0.06,0.06,1
152570,0.02,0.65,0.23,0.06,0.04,1
725093,0.06,0.71,0.14,0.07,0.01,1
1080458,0.01,0.83,0.12,0.03,0.01,1
450498,0.04,0.66,0.21,0.06,0.03,1
571190,0.04,0.68,0.17,0.04,0.07,1
1732633,0.01,0.75,0.15,0.08,0.01,1
861805,0.03,0.43,0.39,0.1,0.05,1
707230,0.03,0.67,0.19,0.08,0.03,1
1402416,0.03,0.8,0.15,0.01,0.0,1
855042,0.03,0.56,0.29,0.1,0.03,1
1910522,0.02,0.63,0.28,0.07,0.01,1
1346787,0.05,0.71,0.19,0.03,0.02,1
633470,0.03,0.53,0.16,0.05,0.23,1
246811,0.03,0.67,0.19,0.08,0.03,1
568404,0.02,0.64,0.23,0.07,0.05,1
1330911,0.07,0.64,0.22,0.04,0.03,1
862970,0.05,0.71,0.18,0.04,0.02,1
351374,0.02,0.71,0.21,0.04,0.02,1
653162,0.03,0.69,0.21,0.06,0.01,1
72333,0.01,0.57,0.36,0.04,0.02,1
1172857,0.03,0.66,0.23,0.06,0.02,1
855038,0.01,0.49,0.34,0.11,0.04,1
1509232,0.01,0.53,0.39,0.05,0.02,1
1900871,0.02,0.64,0.22,0.09,0.03,1
1467629,0.07,0.71,0.14,0.03,0.05,1
1083453,0.05,0.59,0.26,0.09,0.02,1
1528776,0.03,0.68,0.15,0.1,0.03,1
1840669,0.03,0.66,0.23,0.05,0.03,1
1176447,0.01,0.85,0.09,0.03,0.02,1
75788,0.04,0.59,0.25,0.09,0.03,1
1173657,0.02,0.73,0.2,0.04,0.02,1
852852,0.02,0.76,0.16,0.03,0.02,1
1238995,0.05,0.67,0.18,0.03,0.08,1
340124,0.04,0.57,0.31,0.03,0.04,1
572385,0.03,0.71,0.18,0.06,0.03,1
452760,0.03,0.64,0.22,0.08,0.03,1
1261975,0.03,0.7,0.21,0.04,0.03,1
1424526,0.02,0.55,0.36,0.06,0.01,1
572329,0.09,0.64,0.18,0.04,0.04,1
163822,0.05,0.7,0.18,0.04,0.02,1
1056717,0.02,0.74,0.17,0.04,0.02,1
630882,0.04,0.69,0.19,0.07,0.03,1
163437,0.03,0.67,0.21,0.06,0.03,1
1392177,0.02,0.58,0.25,0.14,0.01,1
351521,0.06,0.64,0.22,0.05,0.04,1
1233801,0.03,0.75,0.13,0.06,0.03,1
1812013,0.04,0.62,0.26,0.04,0.04,1
476906,0.05,0.66,0.19,0.08,0.02,1
372412,0.03,0.62,0.23,0.1,0.02,1
1055109,0.03,0.75,0.15,0.05,0.01,1
1056700,0.03,0.77,0.14,0.03,0.02,1
1669764,0.04,0.64,0.24,0.05,0.04,1
1318279,0.04,0.63,0.24,0.05,0.03,1
1503911,0.05,0.61,0.19,0.1,0.05,1
1326882,0.04,0.6,0.25,0.09,0.02,1
792894,0.02,0.67,0.21,0.07,0.02,1
1394663,0.05,0.59,0.23,0.08,0.05,1
633486,0.02,0.61,0.3,0.06,0.02,1
808956,0.03,0.69,0.2,0.06,0.02,1
861470,0.02,0.44,0.43,0.09,0.01,1
181549,0.03,0.63,0.25,0.07,0.03,1
1932440,0.02,0.68,0.23,0.06,0.01,1
75413,0.02,0.6,0.27,0.07,0.04,1
95986,0.06,0.64,0.23,0.04,0.03,1
343821,0.03,0.67,0.25,0.03,0.02,1
338955,0.04,0.64,0.22,0.05,0.06,1
544162,0.02,0.5,0.29,0.16,0.03,1
1910249,0.03,0.72,0.17,0.06,0.02,1
1423158,0.02,0.75,0.17,0.04,0.02,1
154606,0.03,0.65,0.2,0.08,0.04,1
1766643,0.03,0.7,0.18,0.07,0.02,1
96110,0.05,0.68,0.21,0.06,0.02,1
1229400,0.03,0.65,0.22,0.06,0.04,1
1149628,0.04,0.67,0.2,0.05,0.03,1
1479605,0.02,0.51,0.38,0.08,0.02,1
255709,0.09,0.74,0.1,0.04,0.04,1
1910117,0.03,0.66,0.24,0.04,0.03,1
851416,0.04,0.74,0.16,0.05,0.02,1
1612878,0.04,0.66,0.21,0.07,0.02,1
1386311,0.04,0.58,0.31,0.06,0.01,1
280269,0.01,0.88,0.08,0.02,0.01,1
1098758,0.03,0.72,0.18,0.07,0.01,1
182267,0.01,0.4,0.43,0.12,0.04,2
343795,0.01,0.72,0.18,0.05,0.03,1
66911,0.02,0.62,0.16,0.17,0.03,1
1229706,0.03,0.66,0.18,0.09,0.04,1
724679,0.01,0.48,0.25,0.21,0.04,1
1934653,0.05,0.61,0.27,0.06,0.02,1
851928,0.04,0.69,0.16,0.09,0.01,1
538376,0.03,0.75,0.16,0.02,0.04,1
1289976,0.06,0.66,0.19,0.07,0.03,1
279866,0.04,0.71,0.16,0.05,0.04,1
1716982,0.04,0.68,0.16,0.05,0.07,1
650792,0.05,0.75,0.15,0.03,0.02,1
1505308,0.05,0.73,0.16,0.03,0.02,1
625076,0.03,0.62,0.27,0.05,0.02,1
159806,0.05,0.53,0.29,0.06,0.06,1
1613601,0.04,0.79,0.14,0.01,0.01,1
441506,0.04,0.71,0.12,0.04,0.08,1
1681662,0.08,0.59,0.21,0.1,0.03,1
1045198,0.01,0.71,0.25,0.02,0.01,1
1577658,0.03,0.74,0.15,0.05,0.03,1
1755439,0.02,0.69,0.19,0.08,0.02,1
964462,0.04,0.63,0.25,0.06,0.02,1
854905,0.02,0.67,0.22,0.07,0.02,1
1480136,0.02,0.68,0.23,0.04,0.03,1
1172630,0.07,0.64,0.23,0.05,0.01,1
259769,0.02,0.7,0.25,0.02,0.02,1
1611807,0.03,0.68,0.21,0.05,0.03,1
1523366,0.03,0.55,0.39,0.03,0.01,1
96125,0.02,0.45,0.42,0.1,0.02,1
1158308,0.04,0.64,0.18,0.07,0.07,1
1841884,0.03,0.66,0.19,0.06,0.05,1
1402411,0.07,0.74,0.15,0.03,0.02,1
1389232,0.03,0.6,0.25,0.07,0.05,1
1838665,0.03,0.69,0.18,0.07,0.03,1
336222,0.05,0.71,0.16,0.07,0.02,1
1056065,0.03,0.59,0.24,0.08,0.06,1
450736,0.03,0.52,0.21,0.19,0.05,1
546967,0.02,0.68,0.21,0.06,0.03,1
790720,0.04,0.8,0.13,0.01,0.02,1
727869,0.05,0.58,0.28,0.02,0.08,1
706744,0.04,0.63,0.28,0.03,0.02,1
569061,0.03,0.69,0.17,0.04,0.07,1
457988,0.03,0.7,0.18,0.06,0.03,1
1843082,0.07,0.8,0.1,0.02,0.01,1
569913,0.01,0.3,0.35,0.32,0.02,2
1081458,0.03,0.66,0.23,0.06,0.03,1
1718674,0.04,0.63,0.22,0.07,0.04,1
1318280,0.01,0.55,0.29,0.09,0.05,1
706763,0.04,0.63,0.24,0.07,0.02,1
1077357,0.03,0.77,0.14,0.04,0.02,1
449576,0.06,0.67,0.2,0.05,0.02,1
1149813,0.05,0.67,0.22,0.04,0.03,1
1683063,0.01,0.52,0.4,0.03,0.05,1
781648,0.03,0.56,0.3,0.09,0.03,1
1331810,0.03,0.69,0.19,0.07,0.02,1
1078756,0.01,0.73,0.19,0.05,0.01,1
1056072,0.05,0.6,0.19,0.13,0.03,1
539376,0.01,0.63,0.31,0.02,0.03,1
1910520,0.05,0.69,0.15,0.09,0.02,1
1901555,0.01,0.4,0.51,0.07,0.01,2
99872,0.01,0.49,0.34,0.08,0.08,1
1810394,0.03,0.61,0.29,0.05,0.02,1
1331821,0.01,0.76,0.17,0.04,0.02,1
1238949,0.04,0.72,0.15,0.03,0.05,1
453580,0.03,0.63,0.24,0.08,0.02,1
1715405,0.04,0.58,0.29,0.06,0.04,1
1333864,0.04,0.64,0.22,0.08,0.02,1
1333827,0.02,0.66,0.21,0.09,0.02,1
1095580,0.04,0.49,0.27,0.09,0.12,1
457877,0.03,0.75,0.13,0.06,0.03,1
1812021,0.03,0.61,0.23,0.09,0.04,1
854482,0.1,0.66,0.18,0.02,0.04,1
861399,0.03,0.73,0.17,0.05,0.02,1
706091,0.03,0.83,0.1,0.02,0.02,1
1056238,0.02,0.63,0.23,0.08,0.03,1
1239141,0.04,0.59,0.17,0.14,0.06,1
881863,0.03,0.72,0.19,0.04,0.03,1
1465766,0.03,0.69,0.19,0.06,0.03,1
959541,0.01,0.71,0.22,0.05,0.01,1
539085,0.02,0.61,0.26,0.06,0.05,1
984642,0.05,0.7,0.17,0.04,0.03,1
371814,0.02,0.63,0.24,0.03,0.07,1
455909,0.07,0.61,0.23,0.08,0.02,1
789583,0.03,0.67,0.23,0.05,0.03,1
704128,0.03,0.74,0.14,0.07,0.01,1
1333821,0.03,0.69,0.23,0.03,0.02,1
960448,0.03,0.64,0.21,0.12,0.01,1
700519,0.28,0.49,0.17,0.02,0.04,1
1176379,0.05,0.74,0.14,0.03,0.05,1
349720,0.04,0.78,0.12,0.03,0.03,1
1604133,0.05,0.55,0.36,0.03,0.01,1
69773,0.04,0.73,0.14,0.06,0.03,1
1238737,0.06,0.8,0.1,0.03,0.01,1
1899798,0.1,0.56,0.21,0.06,0.07,1
156284,0.09,0.68,0.14,0.02,0.06,1
1626305,0.02,0.55,0.3,0.1,0.03,1
1391879,0.01,0.76,0.13,0.08,0.02,1
706795,0.02,0.59,0.26,0.09,0.04,1
1260372,0.03,0.75,0.16,0.05,0.01,1
371563,0.03,0.47,0.38,0.09,0.03,1
789584,0.04,0.63,0.22,0.09,0.02,1
1237618,0.05,0.74,0.16,0.02,0.03,1
348987,0.02,0.58,0.32,0.05,0.03,1
338402,0.02,0.69,0.23,0.04,0.02,1
1934609,0.03,0.73,0.17,0.06,0.02,1
351474,0.01,0.84,0.1,0.03,0.01,1
706804,0.03,0.63,0.24,0.08,0.03,1
707106,0.05,0.67,0.18,0.07,0.03,1
862733,0.05,0.6,0.16,0.11,0.08,1
1056641,0.02,0.66,0.23,0.05,0.04,1
1521839,0.04,0.69,0.12,0.1,0.05,1
792880,0.03,0.62,0.25,0.08,0.02,1
853912,0.03,0.67,0.17,0.05,0.07,1
545795,0.03,0.61,0.25,0.09,0.01,1
370712,0.06,0.63,0.23,0.05,0.03,1
847671,0.01,0.43,0.44,0.1,0.03,2
1426405,0.03,0.6,0.24,0.06,0.07,1
961293,0.01,0.65,0.22,0.09,0.02,1
946142,0.02,0.54,0.26,0.16,0.02,1
531637,0.02,0.6,0.25,0.09,0.04,1
1152472,0.04,0.6,0.25,0.08,0.04,1
723845,0.05,0.59,0.28,0.06,0.02,1
1732816,0.04,0.71,0.17,0.06,0.03,1
1606733,0.02,0.59,0.3,0.07,0.02,1
727990,0.05,0.69,0.18,0.04,0.05,1
963332,0.02,0.68,0.22,0.06,0.02,1
1814498,0.0,0.76,0.04,0.19,0.0,1
1046915,0.03,0.75,0.16,0.04,0.03,1
351587,0.04,0.69,0.17,0.04,0.06,1
1056631,0.02,0.72,0.2,0.03,0.02,1
1811691,0.02,0.68,0.18,0.1,0.02,1
78430,0.03,0.65,0.22,0.08,0.03,1
1613402,0.06,0.7,0.16,0.06,0.03,1
535707,0.06,0.67,0.16,0.07,0.04,1
1842717,0.03,0.6,0.24,0.1,0.04,1
1718104,0.02,0.67,0.22,0.04,0.05,1
351314,0.06,0.58,0.25,0.08,0.02,1
69530,0.02,0.65,0.23,0.07,0.03,1
351179,0.03,0.61,0.24,0.09,0.03,1
1053162,0.06,0.59,0.26,0.06,0.03,1
350197,0.02,0.38,0.51,0.06,0.03,2
1576899,0.09,0.7,0.15,0.04,0.03,1
1402412,0.02,0.6,0.24,0.09,0.04,1
1386319,0.03,0.63,0.26,0.04,0.04,1
1401456,0.02,0.56,0.25,0.15,0.02,1
74657,0.05,0.74,0.15,0.03,0.03,1
149673,0.04,0.66,0.25,0.04,0.02,1
1238993,0.04,0.62,0.29,0.04,0.01,1
846533,0.14,0.48,0.33,0.03,0.02,1
95930,0.02,0.66,0.25,0.04,0.03,1
1607423,0.07,0.43,0.41,0.05,0.04,1
538743,0.01,0.68,0.19,0.08,0.04,1
1043638,0.01,0.61,0.31,0.04,0.02,1
351726,0.04,0.66,0.24,0.04,0.01,1
1260022,0.06,0.59,0.21,0.07,0.07,1
742254,0.03,0.62,0.22,0.11,0.02,1
1271339,0.03,0.57,0.26,0.12,0.03,1
162396,0.02,0.7,0.19,0.08,0.01,1
149946,0.04,0.76,0.15,0.04,0.01,1
1627246,0.05,0.76,0.14,0.03,0.02,1
1263100,0.01,0.42,0.44,0.09,0.04,2
1746547,0.04,0.57,0.3,0.06,0.03,1
159813,0.04,0.56,0.33,0.04,0.03,1
1275611,0.02,0.74,0.2,0.03,0.01,1
988082,0.05,0.6,0.22,0.1,0.03,1
1627792,0.03,0.7,0.17,0.06,0.03,1
1269035,0.02,0.65,0.2,0.07,0.06,1
568319,0.04,0.63,0.23,0.07,0.03,1
1226902,0.02,0.7,0.21,0.06,0.01,1
448174,0.06,0.68,0.2,0.03,0.02,1
568535,0.01,0.87,0.09,0.02,0.01,1
283990,0.03,0.67,0.21,0.07,0.02,1
1906451,0.02,0.83,0.11,0.02,0.01,1
630666,0.03,0.62,0.26,0.08,0.02,1
1262140,0.03,0.58,0.21,0.1,0.09,1
156888,0.03,0.65,0.21,0.09,0.02,1
344360,0.02,0.75,0.16,0.05,0.02,1
1047128,0.03,0.62,0.26,0.06,0.03,1
1812746,0.03,0.61,0.25,0.06,0.05,1
280102,0.02,0.72,0.19,0.05,0.02,1
163666,0.02,0.66,0.23,0.04,0.04,1
449583,0.04,0.68,0.21,0.04,0.03,1
695303,0.01,0.75,0.18,0.02,0.03,1
1056706,0.07,0.57,0.3,0.03,0.02,1
472909,0.04,0.6,0.25,0.09,0.03,1
1910264,0.02,0.61,0.25,0.1,0.02,1
1333598,0.03,0.77,0.16,0.02,0.02,1
1521290,0.02,0.67,0.19,0.12,0.02,1
697449,0.02,0.73,0.17,0.05,0.02,1
78411,0.1,0.61,0.18,0.07,0.05,1
1464504,0.03,0.62,0.26,0.06,0.02,1
154270,0.03,0.68,0.19,0.06,0.04,1
455913,0.02,0.75,0.15,0.05,0.03,1
1576824,0.06,0.69,0.18,0.05,0.02,1
280646,0.03,0.67,0.17,0.07,0.05,1
1043985,0.02,0.56,0.34,0.05,0.03,1
957141,0.01,0.79,0.13,0.04,0.02,1
1718039,0.04,0.63,0.25,0.06,0.02,1
157269,0.05,0.67,0.21,0.06,0.02,1
571974,0.02,0.53,0.38,0.06,0.01,1
1504352,0.03,0.71,0.18,0.07,0.02,1
1223223,0.07,0.63,0.21,0.05,0.04,1
652336,0.07,0.67,0.2,0.04,0.02,1
1902493,0.02,0.71,0.19,0.03,0.04,1
1839312,0.07,0.67,0.16,0.05,0.05,1
458249,0.03,0.65,0.22,0.07,0.03,1
1502640,0.03,0.68,0.2,0.08,0.01,1
695077,0.03,0.67,0.2,0.05,0.05,1
1079085,0.04,0.68,0.19,0.06,0.03,1
1228043,0.03,0.78,0.12,0.06,0.01,1
1227198,0.02,0.63,0.28,0.05,0.02,1
706950,0.02,0.65,0.24,0.06,0.03,1
346214,0.1,0.68,0.15,0.04,0.03,1
1522607,0.03,0.6,0.28,0.07,0.02,1
957451,0.07,0.67,0.15,0.05,0.05,1
1756966,0.03,0.68,0.21,0.05,0.03,1
1175933,0.01,0.71,0.22,0.05,0.01,1
723193,0.02,0.69,0.19,0.06,0.03,1
1050724,0.03,0.68,0.2,0.06,0.03,1
1224121,0.04,0.62,0.24,0.08,0.02,1
264364,0.03,0.65,0.23,0.07,0.02,1
725910,0.03,0.59,0.3,0.05,0.03,1
96143,0.02,0.73,0.18,0.04,0.03,1
1389063,0.03,0.62,0.23,0.08,0.05,1
1840801,0.01,0.76,0.16,0.03,0.03,1
1504827,0.03,0.8,0.14,0.03,0.01,1
969732,0.02,0.6,0.29,0.07,0.02,1
862847,0.02,0.75,0.16,0.03,0.04,1
1467635,0.03,0.7,0.2,0.06,0.02,1
862679,0.03,0.61,0.28,0.06,0.02,1
341989,0.02,0.58,0.35,0.05,0.01,1
572717,0.02,0.72,0.23,0.03,0.01,1
572267,0.05,0.67,0.18,0.09,0.01,1
1469124,0.04,0.67,0.21,0.05,0.02,1
280017,0.04,0.67,0.22,0.06,0.01,1
1665649,0.03,0.71,0.18,0.07,0.01,1
262110,0.03,0.6,0.29,0.05,0.02,1
1173556,0.05,0.83,0.09,0.01,0.02,1
633221,0.06,0.61,0.21,0.09,0.03,1
1392299,0.18,0.55,0.23,0.03,0.01,1
283062,0.01,0.8,0.13,0.03,0.02,1
163688,0.05,0.71,0.17,0.05,0.03,1
545322,0.01,0.45,0.33,0.18,0.03,1
1149818,0.04,0.64,0.22,0.07,0.02,1
1902769,0.02,0.69,0.21,0.05,0.03,1
960218,0.12,0.67,0.17,0.02,0.02,1
1902389,0.03,0.75,0.15,0.04,0.03,1
1841024,0.02,0.62,0.27,0.07,0.01,1
344908,0.03,0.64,0.25,0.06,0.02,1
337768,0.01,0.31,0.23,0.42,0.03,3
1835375,0.09,0.6,0.21,0.08,0.02,1
1607595,0.02,0.63,0.24,0.08,0.03,1
853159,0.03,0.73,0.18,0.04,0.02,1
570154,0.05,0.6,0.15,0.12,0.09,1
539377,0.04,0.69,0.18,0.06,0.03,1
529998,0.02,0.8,0.13,0.04,0.02,1
1235525,0.07,0.58,0.21,0.09,0.05,1
1635404,0.03,0.71,0.18,0.06,0.02,1
694657,0.02,0.87,0.08,0.01,0.02,1
637413,0.04,0.76,0.14,0.04,0.03,1
154274,0.02,0.58,0.25,0.1,0.05,1
567661,0.03,0.69,0.21,0.03,0.04,1
1812728,0.01,0.73,0.17,0.07,0.02,1
808958,0.03,0.62,0.28,0.06,0.02,1
1056792,0.05,0.66,0.18,0.03,0.07,1
1045200,0.03,0.62,0.24,0.04,0.06,1
791630,0.05,0.68,0.18,0.05,0.04,1
1238881,0.04,0.66,0.24,0.04,0.02,1
1464389,0.07,0.61,0.24,0.06,0.02,1
878798,0.04,0.73,0.15,0.07,0.01,1
72346,0.02,0.65,0.22,0.05,0.07,1
1056248,0.02,0.65,0.23,0.04,0.06,1
859475,0.04,0.65,0.25,0.04,0.02,1
789393,0.03,0.7,0.2,0.04,0.04,1
1668698,0.02,0.77,0.13,0.05,0.03,1
1239136,0.04,0.68,0.18,0.04,0.05,1
70021,0.02,0.68,0.21,0.05,0.04,1
728558,0.02,0.59,0.29,0.04,0.06,1
1910216,0.03,0.65,0.22,0.06,0.04,1
1326714,0.03,0.68,0.2,0.06,0.04,1
1470637,0.02,0.56,0.28,0.09,0.04,1
723640,0.02,0.77,0.15,0.05,0.01,1
1223217,0.02,0.84,0.11,0.02,0.02,1
70060,0.02,0.5,0.44,0.02,0.01,1
1901781,0.03,0.53,0.28,0.1,0.05,1
987617,0.02,0.59,0.26,0.08,0.05,1
1713417,0.03,0.61,0.29,0.06,0.02,1
351305,0.03,0.57,0.27,0.08,0.05,1
862466,0.02,0.68,0.24,0.02,0.04,1
1802313,0.04,0.69,0.19,0.06,0.03,1
1936367,0.03,0.65,0.22,0.09,0.01,1
724463,0.02,0.68,0.21,0.06,0.03,1
1259450,0.04,0.55,0.28,0.11,0.03,1
148537,0.04,0.61,0.24,0.07,0.04,1
181903,0.03,0.76,0.14,0.04,0.02,1
351525,0.04,0.65,0.22,0.06,0.02,1
1044186,0.05,0.61,0.22,0.07,0.04,1
1043639,0.03,0.63,0.24,0.09,0.02,1
637727,0.04,0.72,0.17,0.05,0.02,1
349267,0.03,0.62,0.25,0.08,0.02,1
1731900,0.02,0.7,0.18,0.08,0.02,1
1258751,0.04,0.71,0.19,0.03,0.02,1
1461222,0.02,0.7,0.21,0.04,0.03,1
1056063,0.03,0.64,0.22,0.07,0.04,1
451848,0.02,0.7,0.19,0.07,0.01,1
1903619,0.02,0.61,0.27,0.06,0.03,1
1843312,0.04,0.68,0.22,0.04,0.03,1
1841922,0.06,0.69,0.18,0.05,0.02,1
1465984,0.04,0.71,0.16,0.07,0.02,1
862519,0.02,0.58,0.22,0.17,0.01,1
723176,0.03,0.69,0.2,0.04,0.04,1
1238935,0.02,0.65,0.23,0.07,0.02,1
959527,0.03,0.68,0.23,0.05,0.01,1
341268,0.08,0.71,0.16,0.03,0.02,1
880468,0.03,0.72,0.18,0.06,0.01,1
960451,0.03,0.7,0.19,0.06,0.02,1
1835320,0.03,0.57,0.24,0.1,0.06,1
880606,0.04,0.56,0.28,0.07,0.05,1
967451,0.03,0.72,0.2,0.02,0.03,1
1909997,0.02,0.59,0.24,0.1,0.05,1
1733004,0.04,0.67,0.21,0.06,0.01,1
1228546,0.03,0.54,0.39,0.04,0.01,1
340142,0.02,0.67,0.24,0.04,0.03,1
986644,0.04,0.6,0.23,0.08,0.06,1
1082908,0.04,0.64,0.19,0.1,0.04,1
852863,0.07,0.72,0.16,0.04,0.02,1
697842,0.03,0.72,0.18,0.05,0.03,1
788152,0.03,0.78,0.14,0.04,0.01,1
894784,0.05,0.65,0.23,0.06,0.02,1
1898012,0.03,0.63,0.22,0.08,0.04,1
280781,0.03,0.67,0.21,0.06,0.03,1
1580511,0.07,0.56,0.3,0.05,0.01,1
1512011,0.02,0.68,0.22,0.05,0.03,1
1910419,0.04,0.69,0.19,0.05,0.03,1
791634,0.03,0.76,0.15,0.04,0.03,1
453584,0.03,0.69,0.15,0.06,0.07,1
71805,0.03,0.68,0.2,0.07,0.03,1
749014,0.03,0.42,0.29,0.15,0.11,1
1041440,0.03,0.67,0.22,0.05,0.03,1
1841023,0.02,0.63,0.23,0.07,0.04,1
546785,0.06,0.48,0.31,0.09,0.06,1
1904310,0.02,0.6,0.26,0.08,0.04,1
635331,0.04,0.68,0.19,0.07,0.01,1
533068,0.03,0.69,0.22,0.06,0.01,1
967414,0.02,0.62,0.27,0.05,0.04,1
163792,0.03,0.76,0.14,0.04,0.03,1
152007,0.01,0.6,0.23,0.14,0.02,1
1718697,0.14,0.7,0.12,0.01,0.03,1
1936292,0.04,0.72,0.16,0.04,0.04,1
702730,0.02,0.55,0.24,0.14,0.05,1
1838473,0.01,0.78,0.13,0.06,0.01,1
537837,0.06,0.69,0.19,0.04,0.03,1
706835,0.04,0.77,0.14,0.03,0.02,1
1389277,0.04,0.71,0.19,0.04,0.02,1
263975,0.01,0.6,0.28,0.07,0.03,1
1843079,0.06,0.75,0.14,0.04,0.02,1
1894839,0.04,0.82,0.1,0.02,0.02,1
1262513,0.02,0.75,0.16,0.06,0.01,1
1176842,0.03,0.7,0.19,0.05,0.03,1
1607155,0.06,0.62,0.25,0.05,0.01,1
337989,0.03,0.72,0.18,0.05,0.02,1
1228557,0.03,0.58,0.18,0.12,0.08,1
1577820,0.06,0.71,0.16,0.05,0.02,1
1396995,0.01,0.86,0.1,0.02,0.01,1
1766242,0.03,0.68,0.23,0.04,0.02,1
571158,0.02,0.71,0.18,0.05,0.04,1
571191,0.07,0.65,0.21,0.06,0.02,1
1349386,0.02,0.67,0.22,0.06,0.03,1
1392297,0.04,0.73,0.16,0.04,0.02,1
546928,0.02,0.73,0.18,0.04,0.02,1
1840193,0.01,0.63,0.24,0.04,0.07,1
1227184,0.03,0.61,0.24,0.09,0.03,1
724768,0.07,0.7,0.16,0.04,0.03,1
1046290,0.03,0.5,0.26,0.03,0.19,1
1715279,0.04,0.71,0.16,0.07,0.03,1
1666704,0.03,0.65,0.25,0.07,0.01,1
1236934,0.03,0.73,0.15,0.05,0.04,1
791633,0.03,0.71,0.15,0.06,0.04,1
150505,0.02,0.79,0.16,0.02,0.01,1
1149375,0.02,0.62,0.3,0.05,0.01,1
180117,0.01,0.47,0.31,0.16,0.05,1
536387,0.05,0.65,0.21,0.07,0.02,1
862769,0.01,0.81,0.14,0.03,0.01,1
536697,0.05,0.7,0.14,0.1,0.01,1
969865,0.05,0.63,0.14,0.07,0.1,1
633471,0.03,0.72,0.19,0.04,0.01,1
1080456,0.04,0.67,0.24,0.04,0.02,1
371104,0.01,0.63,0.24,0.1,0.02,1
162454,0.02,0.58,0.24,0.12,0.04,1
960583,0.02,0.68,0.18,0.08,0.04,1
96305,0.03,0.7,0.18,0.07,0.02,1
1333819,0.03,0.65,0.23,0.08,0.01,1
724964,0.04,0.65,0.21,0.05,0.04,1
967461,0.03,0.71,0.18,0.06,0.02,1
1325747,0.03,0.7,0.19,0.06,0.03,1
705727,0.02,0.77,0.11,0.03,0.07,1
75805,0.03,0.7,0.17,0.06,0.03,1
863007,0.03,0.57,0.23,0.09,0.08,1
881021,0.01,0.76,0.16,0.06,0.01,1
1470428,0.02,0.71,0.21,0.05,0.01,1
1835370,0.03,0.63,0.24,0.08,0.02,1
281495,0.03,0.74,0.15,0.04,0.03,1
163481,0.04,0.74,0.15,0.06,0.01,1
1910330,0.02,0.75,0.16,0.05,0.02,1
157267,0.04,0.66,0.22,0.05,0.03,1
1056664,0.03,0.6,0.23,0.09,0.05,1
1089522,0.05,0.68,0.18,0.03,0.06,1
848526,0.03,0.59,0.32,0.05,0.01,1
1836031,0.05,0.73,0.14,0.07,0.01,1
1563880,0.02,0.84,0.07,0.04,0.03,1
1730398,0.02,0.7,0.19,0.06,0.02,1
531930,0.04,0.6,0.22,0.09,0.05,1
1718552,0.02,0.7,0.2,0.06,0.01,1
728479,0.01,0.49,0.41,0.06,0.02,1
1935310,0.01,0.57,0.28,0.06,0.09,1
697429,0.03,0.69,0.21,0.05,0.02,1
261871,0.02,0.67,0.2,0.05,0.06,1
793747,0.03,0.76,0.15,0.04,0.02,1
881783,0.02,0.77,0.16,0.04,0.01,1
1731131,0.03,0.71,0.18,0.06,0.02,1
1479911,0.04,0.72,0.21,0.01,0.01,1
626497,0.04,0.77,0.11,0.06,0.02,1
1666285,0.01,0.71,0.19,0.07,0.01,1
1049394,0.02,0.68,0.27,0.02,0.0,1
1082619,0.01,0.86,0.1,0.02,0.01,1
1613652,0.02,0.61,0.27,0.07,0.04,1
696425,0.04,0.66,0.17,0.08,0.04,1
351478,0.03,0.55,0.25,0.09,0.07,1
1839322,0.03,0.68,0.2,0.06,0.03,1
1819413,0.03,0.71,0.21,0.03,0.03,1
1261149,0.03,0.65,0.22,0.08,0.02,1
1077009,0.05,0.67,0.17,0.06,0.05,1
1629396,0.01,0.72,0.2,0.06,0.01,1
1512003,0.01,0.8,0.1,0.06,0.03,1
183347,0.03,0.65,0.21,0.07,0.04,1
1894838,0.04,0.62,0.2,0.09,0.03,1
694698,0.04,0.72,0.17,0.05,0.01,1
1349393,0.04,0.5,0.37,0.05,0.05,1
1424569,0.04,0.45,0.42,0.06,0.03,1
1507415,0.03,0.78,0.15,0.02,0.02,1
1402636,0.03,0.64,0.25,0.07,0.02,1
1230068,0.02,0.57,0.31,0.07,0.03,1
56158,0.03,0.64,0.24,0.08,0.02,1
987669,0.02,0.51,0.35,0.09,0.02,1
1607385,0.03,0.64,0.26,0.05,0.02,1
1402728,0.05,0.67,0.22,0.05,0.02,1
728175,0.01,0.51,0.4,0.04,0.04,1
1225432,0.04,0.56,0.34,0.06,0.01,1
159943,0.08,0.67,0.19,0.04,0.02,1
571640,0.03,0.72,0.15,0.07,0.02,1
1626690,0.02,0.66,0.19,0.07,0.07,1
1842629,0.02,0.65,0.22,0.08,0.03,1
1170984,0.04,0.6,0.21,0.11,0.05,1
531717,0.03,0.74,0.15,0.06,0.02,1
99074,0.01,0.61,0.23,0.11,0.04,1
1056454,0.02,0.58,0.28,0.07,0.06,1
1835324,0.02,0.62,0.21,0.11,0.03,1
1579079,0.02,0.65,0.24,0.07,0.02,1
1326796,0.02,0.65,0.27,0.04,0.03,1
986565,0.05,0.69,0.16,0.05,0.05,1
1056591,0.04,0.75,0.16,0.05,0.01,1
1052549,0.01,0.67,0.21,0.08,0.02,1
283971,0.05,0.56,0.23,0.08,0.07,1
1052543,0.04,0.6,0.28,0.07,0.02,1
1900809,0.03,0.6,0.23,0.1,0.03,1
1149373,0.02,0.85,0.09,0.03,0.02,1
1841057,0.03,0.69,0.19,0.07,0.02,1
1331831,0.06,0.69,0.16,0.06,0.02,1
1811942,0.02,0.79,0.15,0.02,0.02,1
1158432,0.08,0.74,0.13,0.02,0.03,1
533352,0.03,0.8,0.12,0.03,0.01,1
1508202,0.03,0.61,0.27,0.05,0.04,1
957493,0.02,0.7,0.21,0.06,0.02,1
1039196,0.02,0.66,0.25,0.04,0.03,1
338291,0.04,0.66,0.19,0.1,0.02,1
1040935,0.03,0.49,0.38,0.06,0.03,1
728864,0.03,0.63,0.25,0.06,0.04,1
849495,0.02,0.66,0.19,0.05,0.08,1
1718022,0.02,0.71,0.18,0.08,0.01,1
78798,0.06,0.71,0.18,0.02,0.03,1
1055116,0.02,0.76,0.17,0.04,0.02,1
537848,0.03,0.62,0.22,0.08,0.04,1
1508060,0.02,0.58,0.31,0.08,0.02,1
153488,0.02,0.39,0.46,0.09,0.04,2
1040644,0.05,0.71,0.19,0.02,0.03,1
1935062,0.03,0.63,0.24,0.07,0.03,1
700491,0.04,0.79,0.13,0.02,0.01,1
1080587,0.06,0.63,0.15,0.08,0.07,1
280298,0.04,0.76,0.16,0.03,0.02,1
1150692,0.01,0.62,0.24,0.07,0.05,1
477885,0.02,0.68,0.21,0.06,0.02,1
1770974,0.02,0.32,0.59,0.05,0.02,2
1224991,0.04,0.63,0.2,0.09,0.04,1
1040949,0.03,0.6,0.18,0.15,0.04,1
881857,0.04,0.74,0.11,0.04,0.07,1
1327315,0.02,0.52,0.29,0.15,0.01,1
789391,0.02,0.41,0.34,0.19,0.05,1
726692,0.01,0.57,0.36,0.04,0.02,1
1224124,0.04,0.57,0.24,0.11,0.04,1
726923,0.03,0.59,0.21,0.11,0.05,1
75800,0.02,0.65,0.25,0.07,0.01,1
79371,0.05,0.59,0.26,0.08,0.03,1
571924,0.17,0.71,0.09,0.02,0.01,1
1228561,0.03,0.67,0.23,0.04,0.03,1
1732326,0.01,0.6,0.32,0.06,0.01,1
1428609,0.01,0.8,0.15,0.02,0.01,1
628504,0.05,0.6,0.27,0.06,0.02,1
1933662,0.03,0.77,0.16,0.02,0.02,1
259772,0.04,0.67,0.2,0.05,0.05,1
1898015,0.02,0.65,0.25,0.06,0.01,1
1715281,0.04,0.56,0.25,0.11,0.04,1
1055150,0.02,0.61,0.23,0.09,0.05,1
1838109,0.02,0.65,0.25,0.05,0.03,1
73342,0.04,0.73,0.14,0.05,0.04,1
693641,0.03,0.66,0.25,0.04,0.01,1
707313,0.03,0.59,0.28,0.08,0.03,1
181420,0.03,0.58,0.28,0.07,0.04,1
707234,0.05,0.65,0.2,0.05,0.04,1
878552,0.02,0.6,0.28,0.07,0.03,1
476699,0.03,0.67,0.22,0.06,0.03,1
1521268,0.05,0.63,0.22,0.07,0.03,1
796016,0.01,0.64,0.27,0.04,0.04,1
1910193,0.04,0.76,0.13,0.04,0.03,1
1046008,0.06,0.52,0.34,0.06,0.03,1
182468,0.06,0.71,0.19,0.02,0.02,1
533657,0.03,0.69,0.21,0.04,0.03,1
1402184,0.04,0.63,0.22,0.07,0.05,1
725035,0.02,0.58,0.29,0.05,0.05,1
1503924,0.03,0.67,0.19,0.06,0.05,1
345694,0.03,0.76,0.17,0.03,0.01,1
1832274,0.23,0.61,0.14,0.02,0.01,1
1156148,0.03,0.55,0.19,0.08,0.15,1
537849,0.03,0.7,0.18,0.05,0.05,1
1056178,0.03,0.71,0.2,0.03,0.03,1
1050551,0.04,0.62,0.27,0.07,0.01,1
342367,0.04,0.65,0.22,0.06,0.03,1
724562,0.02,0.76,0.17,0.05,0.01,1
281267,0.03,0.79,0.13,0.03,0.01,1
162400,0.08,0.73,0.15,0.03,0.02,1
572793,0.03,0.75,0.13,0.03,0.07,1
1082292,0.04,0.67,0.21,0.05,0.03,1
848747,0.01,0.73,0.2,0.04,0.02,1
787950,0.03,0.7,0.17,0.07,0.02,1
534038,0.03,0.66,0.21,0.05,0.05,1
1717044,0.04,0.63,0.24,0.08,0.01,1
256786,0.03,0.6,0.25,0.08,0.04,1
1173157,0.01,0.73,0.2,0.05,0.01,1
1840075,0.03,0.68,0.22,0.05,0.02,1
1050550,0.02,0.71,0.15,0.01,0.11,1
150221,0.03,0.66,0.24,0.05,0.02,1
1261156,0.02,0.66,0.24,0.05,0.03,1
1425836,0.05,0.61,0.19,0.15,0.01,1
1905485,0.02,0.62,0.25,0.06,0.05,1
1389240,0.03,0.59,0.27,0.05,0.05,1
792842,0.03,0.46,0.34,0.13,0.04,1
1333791,0.03,0.59,0.28,0.08,0.02,1
1523288,0.05,0.71,0.16,0.03,0.04,1
163773,0.03,0.69,0.19,0.05,0.04,1
1577349,0.03,0.69,0.19,0.07,0.02,1
474707,0.05,0.69,0.16,0.08,0.02,1
726893,0.05,0.67,0.18,0.08,0.02,1
546758,0.02,0.38,0.15,0.1,0.34,1
970164,0.03,0.69,0.19,0.07,0.02,1
1899491,0.02,0.58,0.3,0.07,0.03,1
1225383,0.03,0.69,0.2,0.05,0.03,1
150336,0.04,0.61,0.27,0.05,0.02,1
848520,0.06,0.72,0.19,0.02,0.01,1
149907,0.01,0.67,0.19,0.12,0.01,1
148817,0.02,0.68,0.19,0.1,0.01,1
970172,0.05,0.75,0.15,0.03,0.02,1
78440,0.02,0.75,0.17,0.04,0.01,1
1842534,0.03,0.84,0.08,0.03,0.02,1
1394668,0.04,0.64,0.24,0.06,0.02,1
1841883,0.15,0.58,0.21,0.04,0.02,1
1732072,0.03,0.52,0.31,0.11,0.04,1
1576828,0.03,0.71,0.2,0.04,0.03,1
1663620,0.05,0.62,0.24,0.05,0.03,1
1625549,0.02,0.69,0.2,0.08,0.01,1
1898160,0.04,0.68,0.18,0.09,0.01,1
1237671,0.02,0.64,0.21,0.1,0.03,1
957293,0.04,0.46,0.29,0.19,0.02,1
1817041,0.04,0.73,0.16,0.05,0.02,1
1150689,0.04,0.7,0.18,0.06,0.02,1
1523287,0.03,0.71,0.17,0.05,0.04,1
1470416,0.03,0.43,0.38,0.1,0.06,1
163502,0.07,0.67,0.18,0.06,0.02,1
1522217,0.05,0.66,0.22,0.04,0.03,1
634747,0.03,0.8,0.12,0.03,0.02,1
809101,0.01,0.75,0.17,0.04,0.02,1
1841882,0.04,0.58,0.24,0.07,0.07,1
1567671,0.02,0.78,0.14,0.04,0.02,1
849497,0.08,0.68,0.18,0.03,0.03,1
1565105,0.04,0.69,0.19,0.07,0.02,1
1056430,0.05,0.78,0.13,0.02,0.02,1
1718660,0.04,0.57,0.15,0.19,0.05,1
543694,0.01,0.84,0.1,0.04,0.01,1
1156175,0.01,0.54,0.36,0.04,0.05,1
157755,0.03,0.66,0.18,0.09,0.04,1
1842096,0.03,0.55,0.24,0.12,0.07,1
284208,0.01,0.72,0.22,0.03,0.02,1
1328636,0.04,0.68,0.19,0.06,0.03,1
880602,0.06,0.57,0.31,0.05,0.01,1
338277,0.03,0.73,0.15,0.07,0.02,1
1078680,0.06,0.78,0.1,0.03,0.03,1
706944,0.06,0.7,0.17,0.03,0.04,1
1056118,0.02,0.66,0.23,0.07,0.02,1
788145,0.04,0.65,0.22,0.04,0.04,1
1478982,0.03,0.65,0.21,0.05,0.06,1
473290,0.02,0.69,0.21,0.03,0.05,1
1396991,0.05,0.63,0.24,0.05,0.03,1
859242,0.02,0.65,0.22,0.09,0.02,1
161966,0.02,0.59,0.26,0.08,0.04,1
1052329,0.03,0.63,0.24,0.07,0.03,1
1842531,0.04,0.7,0.17,0.07,0.02,1
1040945,0.04,0.75,0.15,0.04,0.02,1
1748935,0.03,0.61,0.27,0.07,0.02,1
793547,0.03,0.6,0.24,0.08,0.06,1
539082,0.04,0.74,0.19,0.01,0.02,1
1910106,0.03,0.76,0.15,0.02,0.04,1
1056511,0.04,0.63,0.24,0.08,0.01,1
853850,0.02,0.64,0.26,0.04,0.04,1
1933717,0.04,0.69,0.22,0.04,0.01,1
863147,0.01,0.48,0.32,0.17,0.02,1
845495,0.04,0.59,0.25,0.08,0.04,1
736025,0.03,0.7,0.18,0.05,0.05,1
546778,0.02,0.71,0.21,0.04,0.02,1
628678,0.02,0.61,0.26,0.08,0.02,1
1238842,0.04,0.64,0.21,0.08,0.03,1
629821,0.03,0.63,0.26,0.07,0.02,1
1236061,0.06,0.71,0.18,0.02,0.03,1
1718750,0.03,0.7,0.17,0.09,0.01,1
1331610,0.03,0.62,0.28,0.06,0.01,1
1047412,0.06,0.65,0.18,0.05,0.06,1
851402,0.05,0.6,0.21,0.08,0.07,1
75791,0.02,0.58,0.29,0.09,0.02,1
1613495,0.04,0.68,0.2,0.07,0.01,1
1393451,0.01,0.87,0.08,0.02,0.01,1
1666707,0.04,0.8,0.1,0.04,0.02,1
152518,0.02,0.7,0.16,0.09,0.02,1
1056091,0.03,0.72,0.18,0.05,0.02,1
650718,0.03,0.74,0.19,0.03,0.02,1
860059,0.02,0.67,0.23,0.05,0.03,1
1814497,0.02,0.65,0.24,0.07,0.02,1
261769,0.04,0.76,0.13,0.04,0.03,1
1521637,0.06,0.49,0.19,0.21,0.06,1
1812025,0.01,0.89,0.07,0.02,0.01,1
281850,0.16,0.62,0.16,0.06,0.01,1
702410,0.01,0.62,0.26,0.09,0.02,1
1077353,0.04,0.69,0.18,0.06,0.02,1
1399230,0.02,0.74,0.18,0.06,0.01,1
547048,0.03,0.59,0.23,0.12,0.03,1
455717,0.03,0.71,0.19,0.06,0.02,1
1897435,0.02,0.7,0.16,0.07,0.06,1
810392,0.03,0.66,0.21,0.07,0.03,1
283756,0.02,0.83,0.12,0.01,0.01,1
146355,0.0,0.22,0.56,0.19,0.02,2
854907,0.06,0.68,0.18,0.07,0.02,1
371526,0.04,0.51,0.31,0.09,0.05,1
1155105,0.03,0.62,0.24,0.07,0.04,1
567971,0.04,0.69,0.17,0.07,0.03,1
536392,0.05,0.73,0.18,0.02,0.02,1
692287,0.02,0.73,0.15,0.08,0.02,1
809259,0.01,0.65,0.24,0.08,0.02,1
1511860,0.08,0.57,0.27,0.08,0.01,1
1842087,0.01,0.81,0.12,0.04,0.02,1
351278,0.04,0.69,0.17,0.09,0.01,1
1149630,0.02,0.55,0.29,0.12,0.02,1
950723,0.04,0.68,0.18,0.07,0.03,1
695078,0.05,0.68,0.18,0.07,0.03,1
845517,0.03,0.68,0.14,0.1,0.05,1
1577746,0.04,0.76,0.14,0.04,0.02,1
1050561,0.02,0.65,0.24,0.08,0.02,1
1401052,0.03,0.55,0.32,0.08,0.03,1
1230392,0.03,0.7,0.21,0.04,0.02,1
541688,0.03,0.55,0.25,0.15,0.02,1
786431,0.03,0.68,0.21,0.05,0.03,1
351262,0.02,0.68,0.22,0.05,0.03,1
1239223,0.04,0.67,0.2,0.07,0.02,1
1605325,0.04,0.68,0.18,0.08,0.03,1
345325,0.03,0.75,0.16,0.05,0.02,1
163764,0.04,0.65,0.22,0.06,0.03,1
1152465,0.02,0.64,0.27,0.04,0.02,1
883567,0.02,0.61,0.25,0.09,0.03,1
1331814,0.04,0.58,0.19,0.07,0.12,1
457761,0.02,0.57,0.29,0.09,0.03,1
1678833,0.01,0.71,0.2,0.04,0.03,1
1935414,0.03,0.71,0.19,0.06,0.02,1
349724,0.01,0.66,0.21,0.11,0.02,1
1349851,0.01,0.54,0.35,0.08,0.01,1
1624837,0.03,0.7,0.2,0.04,0.04,1
455027,0.03,0.68,0.18,0.07,0.03,1
1607600,0.04,0.53,0.13,0.27,0.03,1
1056796,0.03,0.72,0.19,0.04,0.02,1
1038207,0.04,0.75,0.17,0.02,0.02,1
1511892,0.04,0.71,0.19,0.05,0.01,1
695041,0.05,0.67,0.21,0.04,0.04,1
1387692,0.02,0.73,0.18,0.05,0.01,1
786804,0.03,0.56,0.3,0.04,0.06,1
1565380,0.03,0.58,0.32,0.05,0.02,1
1038213,0.03,0.6,0.31,0.03,0.02,1
345237,0.05,0.65,0.23,0.04,0.02,1
1607598,0.08,0.59,0.25,0.04,0.05,1
157981,0.13,0.45,0.35,0.04,0.03,1
1047408,0.02,0.65,0.24,0.04,0.06,1
1158937,0.01,0.57,0.26,0.13,0.02,1
454988,0.02,0.67,0.2,0.08,0.03,1
857045,0.02,0.76,0.16,0.05,0.01,1
1328748,0.03,0.67,0.18,0.06,0.06,1
1265343,0.02,0.49,0.32,0.12,0.06,1
1228559,0.02,0.54,0.32,0.09,0.03,1
853229,0.04,0.57,0.26,0.06,0.08,1
1626432,0.03,0.73,0.17,0.04,0.04,1
1679713,0.01,0.67,0.24,0.06,0.02,1
96338,0.03,0.68,0.21,0.06,0.03,1
1521275,0.03,0.52,0.24,0.17,0.05,1
1391058,0.02,0.83,0.11,0.03,0.01,1
437032,0.03,0.66,0.22,0.07,0.03,1
707139,0.02,0.56,0.26,0.15,0.01,1
808854,0.03,0.63,0.26,0.06,0.03,1
281911,0.02,0.75,0.17,0.05,0.01,1
1265656,0.04,0.66,0.23,0.02,0.04,1
1564641,0.07,0.67,0.17,0.06,0.03,1
786564,0.03,0.68,0.21,0.05,0.02,1
159945,0.03,0.73,0.17,0.05,0.02,1
862523,0.02,0.81,0.11,0.04,0.02,1
1426401,0.01,0.67,0.25,0.05,0.03,1
1511941,0.02,0.69,0.23,0.04,0.03,1
79361,0.03,0.56,0.28,0.07,0.06,1
155718,0.02,0.7,0.23,0.03,0.02,1
901870,0.05,0.76,0.15,0.02,0.02,1
1045560,0.08,0.67,0.18,0.04,0.04,1
1609223,0.03,0.61,0.28,0.05,0.02,1
1512060,0.03,0.67,0.25,0.02,0.02,1
962356,0.05,0.73,0.12,0.04,0.06,1
1678841,0.02,0.67,0.24,0.05,0.02,1
1050555,0.02,0.56,0.3,0.08,0.04,1
1225379,0.03,0.53,0.38,0.04,0.02,1
701405,0.01,0.6,0.34,0.02,0.03,1
726506,0.02,0.65,0.24,0.05,0.05,1
1612877,0.04,0.81,0.11,0.02,0.01,1
1402780,0.02,0.63,0.21,0.11,0.02,1
1682428,0.02,0.6,0.13,0.19,0.06,1
1736512,0.02,0.69,0.22,0.04,0.03,1
537157,0.03,0.61,0.3,0.05,0.02,1
536689,0.03,0.57,0.28,0.07,0.04,1
986033,0.19,0.57,0.16,0.02,0.06,1
1331811,0.03,0.66,0.24,0.06,0.01,1
540234,0.02,0.58,0.25,0.12,0.03,1
449823,0.03,0.74,0.17,0.06,0.01,1
1900869,0.03,0.72,0.15,0.04,0.05,1
622939,0.02,0.61,0.22,0.14,0.01,1
472826,0.03,0.65,0.24,0.04,0.04,1
1049897,0.03,0.66,0.23,0.06,0.02,1
1396187,0.03,0.59,0.2,0.09,0.09,1
1605402,0.04,0.68,0.22,0.02,0.05,1
1900868,0.01,0.63,0.24,0.1,0.02,1
1153585,0.02,0.63,0.22,0.1,0.03,1
1232547,0.03,0.64,0.23,0.06,0.03,1
1626357,0.04,0.61,0.24,0.09,0.02,1
1840089,0.05,0.74,0.17,0.02,0.02,1
1756967,0.03,0.68,0.2,0.06,0.03,1
351260,0.1,0.68,0.17,0.04,0.02,1
264365,0.02,0.62,0.24,0.07,0.05,1
1400975,0.03,0.52,0.24,0.17,0.04,1
540617,0.04,0.59,0.3,0.04,0.04,1
1817216,0.03,0.74,0.17,0.05,0.01,1
546754,0.04,0.52,0.3,0.12,0.02,1
1088126,0.04,0.62,0.29,0.04,0.01,1
1715037,0.02,0.38,0.18,0.38,0.05,3
1225426,0.05,0.68,0.2,0.05,0.02,1
1347578,0.05,0.56,0.3,0.07,0.02,1
1237298,0.04,0.76,0.16,0.02,0.02,1
1229710,0.02,0.63,0.24,0.08,0.04,1
851900,0.04,0.72,0.18,0.04,0.02,1
1177130,0.03,0.67,0.21,0.07,0.02,1
79360,0.02,0.66,0.24,0.05,0.03,1
1177110,0.03,0.68,0.2,0.05,0.03,1
699540,0.03,0.53,0.22,0.1,0.12,1
1578420,0.06,0.64,0.11,0.17,0.03,1
1811690,0.02,0.62,0.29,0.06,0.01,1
1576508,0.02,0.74,0.17,0.06,0.02,1
1175856,0.03,0.65,0.19,0.08,0.05,1
351467,0.01,0.71,0.16,0.09,0.02,1
348158,0.04,0.77,0.14,0.04,0.01,1
1907103,0.03,0.66,0.22,0.06,0.03,1
455626,0.07,0.64,0.19,0.05,0.05,1
1511854,0.02,0.69,0.19,0.05,0.05,1
698986,0.07,0.59,0.27,0.03,0.04,1
261768,0.02,0.67,0.21,0.06,0.03,1
1229399,0.02,0.67,0.21,0.04,0.06,1
849008,0.07,0.61,0.18,0.1,0.03,1
1324425,0.03,0.67,0.21,0.02,0.06,1
1840006,0.04,0.56,0.25,0.13,0.01,1
726705,0.01,0.58,0.21,0.17,0.03,1
1910171,0.02,0.61,0.26,0.07,0.03,1
149659,0.04,0.68,0.17,0.07,0.03,1
1330922,0.02,0.78,0.11,0.07,0.02,1
1082553,0.06,0.68,0.22,0.02,0.02,1
1802679,0.09,0.66,0.19,0.03,0.04,1
340145,0.03,0.58,0.22,0.12,0.04,1
152520,0.04,0.58,0.21,0.12,0.05,1
706892,0.02,0.75,0.16,0.03,0.03,1
541696,0.02,0.75,0.18,0.03,0.01,1
158336,0.05,0.64,0.22,0.02,0.07,1
254136,0.02,0.74,0.16,0.06,0.02,1
66914,0.04,0.73,0.18,0.02,0.03,1
570631,0.06,0.77,0.15,0.01,0.01,1
851865,0.05,0.48,0.4,0.06,0.01,1
1465546,0.04,0.67,0.2,0.06,0.03,1
1238577,0.07,0.76,0.15,0.02,0.01,1
472592,0.02,0.72,0.21,0.03,0.02,1
1387231,0.05,0.67,0.18,0.07,0.03,1
545797,0.03,0.77,0.14,0.05,0.02,1
449581,0.03,0.67,0.2,0.06,0.04,1
726068,0.01,0.58,0.37,0.04,0.0,1
1733354,0.03,0.61,0.25,0.08,0.03,1
472913,0.01,0.59,0.27,0.1,0.03,1
1227187,0.01,0.73,0.2,0.04,0.02,1
1259836,0.02,0.54,0.38,0.05,0.01,1
1467464,0.02,0.68,0.2,0.03,0.07,1
259775,0.03,0.69,0.21,0.04,0.03,1
1934913,0.01,0.73,0.17,0.07,0.02,1
702611,0.04,0.55,0.24,0.14,0.03,1
790746,0.02,0.64,0.23,0.1,0.01,1
879006,0.01,0.66,0.27,0.05,0.01,1
1427182,0.02,0.71,0.2,0.05,0.01,1
1230385,0.01,0.73,0.19,0.04,0.02,1
853578,0.02,0.6,0.22,0.13,0.03,1
625416,0.02,0.68,0.22,0.05,0.02,1
1668656,0.03,0.75,0.15,0.04,0.02,1
735192,0.02,0.48,0.31,0.15,0.04,1
1147586,0.02,0.64,0.25,0.06,0.04,1
1511262,0.03,0.77,0.12,0.05,0.03,1
1426105,0.05,0.74,0.14,0.05,0.03,1
157286,0.03,0.64,0.25,0.06,0.03,1
1613704,0.03,0.69,0.21,0.05,0.02,1
1512048,0.03,0.73,0.19,0.03,0.02,1
537847,0.04,0.63,0.24,0.07,0.03,1
1147863,0.04,0.75,0.13,0.05,0.02,1
448363,0.06,0.68,0.19,0.04,0.02,1
338961,0.02,0.71,0.21,0.05,0.02,1
75536,0.11,0.66,0.13,0.09,0.01,1
860062,0.13,0.61,0.19,0.06,0.01,1
1907104,0.04,0.63,0.24,0.07,0.03,1
1606762,0.06,0.71,0.13,0.04,0.05,1
633472,0.01,0.81,0.15,0.01,0.02,1
1147709,0.03,0.71,0.2,0.03,0.03,1
1666708,0.01,0.75,0.21,0.02,0.02,1
1081108,0.03,0.67,0.19,0.05,0.06,1
637625,0.04,0.61,0.27,0.06,0.02,1
851860,0.02,0.82,0.13,0.02,0.01,1
546966,0.01,0.66,0.19,0.13,0.01,1
960460,0.02,0.66,0.2,0.07,0.05,1
750830,0.01,0.89,0.08,0.02,0.01,1
370065,0.04,0.66,0.22,0.06,0.02,1
476619,0.02,0.63,0.24,0.05,0.06,1
790433,0.03,0.61,0.17,0.12,0.07,1
474213,0.08,0.6,0.24,0.05,0.02,1
163586,0.02,0.64,0.22,0.08,0.03,1
1148478,0.01,0.68,0.22,0.07,0.02,1
1460157,0.02,0.69,0.21,0.05,0.03,1
652821,0.03,0.7,0.2,0.05,0.02,1
861475,0.03,0.72,0.21,0.02,0.03,1
1261953,0.01,0.92,0.06,0.01,0.0,1
156901,0.04,0.73,0.18,0.04,0.01,1
1679745,0.02,0.63,0.23,0.11,0.01,1
1810393,0.03,0.65,0.18,0.12,0.02,1
723823,0.03,0.67,0.2,0.06,0.05,1
570628,0.04,0.59,0.26,0.07,0.05,1
1264758,0.03,0.76,0.14,0.06,0.02,1
1424135,0.03,0.65,0.17,0.08,0.07,1
1261947,0.05,0.54,0.28,0.11,0.03,1
1044239,0.03,0.58,0.26,0.1,0.04,1
622938,0.04,0.7,0.2,0.05,0.02,1
1238041,0.02,0.46,0.25,0.18,0.08,1
1233431,0.04,0.61,0.23,0.06,0.05,1
351519,0.02,0.46,0.45,0.06,0.02,1
1056347,0.02,0.73,0.16,0.08,0.02,1
70051,0.03,0.46,0.42,0.06,0.03,1
1607132,0.04,0.68,0.15,0.06,0.07,1
848331,0.03,0.59,0.23,0.13,0.03,1
1238884,0.04,0.77,0.14,0.03,0.02,1
1811718,0.07,0.62,0.21,0.05,0.05,1
879206,0.02,0.73,0.17,0.06,0.01,1
541348,0.03,0.71,0.15,0.07,0.04,1
755346,0.02,0.55,0.29,0.09,0.04,1
789585,0.03,0.64,0.25,0.06,0.02,1
1679101,0.01,0.69,0.18,0.09,0.03,1
1935193,0.05,0.67,0.18,0.07,0.04,1
180276,0.01,0.72,0.18,0.07,0.01,1
571685,0.01,0.82,0.13,0.03,0.01,1
1545234,0.04,0.67,0.23,0.04,0.03,1
1422651,0.03,0.62,0.23,0.08,0.05,1
1158822,0.02,0.56,0.32,0.06,0.03,1
1565305,0.03,0.55,0.22,0.09,0.12,1
862678,0.03,0.66,0.18,0.1,0.03,1
534049,0.04,0.69,0.17,0.05,0.04,1
1566317,0.02,0.66,0.23,0.07,0.02,1
1902763,0.03,0.6,0.31,0.04,0.02,1
450733,0.03,0.65,0.22,0.04,0.05,1
707208,0.01,0.57,0.31,0.07,0.03,1
152012,0.04,0.62,0.23,0.09,0.02,1
848746,0.04,0.73,0.16,0.05,0.02,1
78785,0.05,0.75,0.14,0.04,0.02,1
1172334,0.02,0.76,0.14,0.05,0.03,1
1819422,0.05,0.61,0.24,0.09,0.01,1
1811711,0.03,0.72,0.12,0.06,0.06,1
1713449,0.04,0.66,0.21,0.04,0.06,1
1428572,0.02,0.66,0.23,0.07,0.02,1
547079,0.04,0.63,0.25,0.05,0.03,1
1732627,0.13,0.56,0.23,0.05,0.03,1
1397367,0.02,0.82,0.11,0.03,0.01,1
338030,0.04,0.66,0.19,0.07,0.04,1
535212,0.04,0.6,0.22,0.1,0.03,1
1768459,0.02,0.67,0.23,0.06,0.03,1
632261,0.02,0.61,0.29,0.04,0.03,1
1047406,0.01,0.68,0.21,0.07,0.04,1
809557,0.02,0.65,0.22,0.08,0.04,1
254496,0.04,0.73,0.16,0.05,0.02,1
637400,0.03,0.68,0.21,0.05,0.03,1
1579941,0.02,0.42,0.28,0.19,0.09,1
1732631,0.02,0.84,0.11,0.02,0.01,1
1055154,0.02,0.62,0.24,0.07,0.05,1
947104,0.05,0.69,0.14,0.1,0.02,1
1521691,0.02,0.7,0.18,0.08,0.02,1
569738,0.02,0.68,0.24,0.04,0.02,1
1910384,0.03,0.67,0.19,0.07,0.04,1
1682517,0.05,0.53,0.26,0.14,0.03,1
861852,0.04,0.57,0.27,0.11,0.02,1
455926,0.03,0.75,0.15,0.05,0.02,1
862849,0.02,0.59,0.28,0.07,0.03,1
779381,0.03,0.67,0.24,0.03,0.03,1
1522216,0.05,0.72,0.14,0.06,0.03,1
163392,0.06,0.68,0.2,0.03,0.03,1
879632,0.03,0.51,0.32,0.12,0.03,1
880863,0.07,0.65,0.19,0.05,0.04,1
157359,0.04,0.65,0.19,0.08,0.04,1
1898162,0.02,0.63,0.27,0.06,0.03,1
1147898,0.07,0.61,0.22,0.05,0.04,1
1605032,0.04,0.57,0.28,0.08,0.03,1
793735,0.05,0.6,0.22,0.08,0.06,1
264361,0.02,0.6,0.27,0.09,0.02,1
707306,0.02,0.63,0.21,0.12,0.02,1
568168,0.02,0.6,0.23,0.1,0.05,1
1238679,0.03,0.64,0.24,0.05,0.03,1
1080031,0.04,0.66,0.17,0.1,0.03,1
336933,0.03,0.53,0.29,0.14,0.01,1
861472,0.03,0.67,0.23,0.03,0.03,1
158335,0.02,0.68,0.2,0.08,0.02,1
880738,0.01,0.62,0.26,0.09,0.01,1
702732,0.02,0.68,0.19,0.1,0.02,1
263980,0.01,0.66,0.24,0.06,0.03,1
1715280,0.04,0.66,0.21,0.04,0.04,1
151087,0.04,0.56,0.25,0.09,0.06,1
1663618,0.04,0.75,0.15,0.04,0.02,1
1522059,0.03,0.62,0.2,0.11,0.04,1
74721,0.03,0.61,0.25,0.08,0.04,1
96060,0.04,0.63,0.2,0.09,0.04,1
1150611,0.04,0.71,0.19,0.05,0.01,1
961559,0.02,0.59,0.25,0.11,0.03,1
1680031,0.04,0.57,0.22,0.12,0.05,1
1258667,0.02,0.69,0.2,0.06,0.03,1
694176,0.05,0.69,0.2,0.04,0.02,1
1512050,0.02,0.75,0.16,0.04,0.03,1
534320,0.04,0.65,0.23,0.05,0.02,1
970608,0.05,0.59,0.19,0.12,0.06,1
570010,0.02,0.62,0.23,0.09,0.04,1
1043624,0.03,0.73,0.19,0.02,0.02,1
1521876,0.02,0.67,0.25,0.05,0.01,1
1613657,0.03,0.68,0.22,0.05,0.02,1
694656,0.05,0.65,0.17,0.11,0.02,1
338024,0.11,0.7,0.14,0.03,0.01,1
351362,0.03,0.63,0.27,0.05,0.02,1
702404,0.02,0.67,0.22,0.07,0.01,1
1669772,0.07,0.66,0.15,0.07,0.04,1
1056593,0.01,0.67,0.21,0.08,0.02,1
1156182,0.04,0.62,0.24,0.08,0.02,1
1512042,0.02,0.59,0.27,0.08,0.05,1
845515,0.06,0.65,0.21,0.06,0.02,1
1835414,0.03,0.55,0.24,0.08,0.11,1
72888,0.03,0.62,0.24,0.07,0.04,1
705751,0.03,0.5,0.34,0.1,0.03,1
351303,0.02,0.64,0.24,0.07,0.02,1
693639,0.07,0.71,0.17,0.04,0.01,1
1910218,0.03,0.73,0.15,0.05,0.03,1
1613208,0.08,0.6,0.18,0.11,0.03,1
251704,0.01,0.31,0.15,0.02,0.51,4
1934256,0.02,0.71,0.2,0.04,0.03,1
1389071,0.05,0.58,0.18,0.13,0.07,1
1056428,0.04,0.64,0.24,0.06,0.02,1
852860,0.1,0.69,0.14,0.06,0.01,1
1819414,0.03,0.61,0.24,0.09,0.03,1
1158047,0.03,0.63,0.25,0.07,0.03,1
651510,0.05,0.66,0.21,0.07,0.02,1
755343,0.03,0.69,0.21,0.04,0.04,1
1512018,0.03,0.67,0.17,0.11,0.02,1
1236945,0.05,0.59,0.28,0.07,0.01,1
1837471,0.05,0.6,0.2,0.08,0.07,1
1838048,0.02,0.56,0.3,0.07,0.04,1
534035,0.04,0.63,0.2,0.1,0.03,1
1330917,0.01,0.57,0.25,0.13,0.03,1
536388,0.02,0.62,0.26,0.07,0.02,1
862932,0.03,0.71,0.18,0.04,0.05,1
862522,0.04,0.67,0.17,0.12,0.01,1
1712667,0.04,0.65,0.2,0.1,0.01,1
346220,0.02,0.6,0.25,0.07,0.06,1
1156183,0.09,0.56,0.26,0.04,0.05,1
726559,0.04,0.72,0.14,0.05,0.05,1
1425126,0.03,0.68,0.24,0.03,0.01,1
349277,0.06,0.71,0.15,0.06,0.02,1
1079424,0.01,0.57,0.31,0.06,0.04,1
856183,0.04,0.58,0.24,0.12,0.01,1
457901,0.02,0.71,0.16,0.08,0.02,1
1042601,0.02,0.61,0.26,0.1,0.02,1
726220,0.05,0.7,0.15,0.08,0.02,1
1815199,0.02,0.68,0.21,0.07,0.02,1
782857,0.02,0.62,0.26,0.08,0.02,1
1903623,0.01,0.67,0.27,0.03,0.02,1
546820,0.43,0.43,0.12,0.01,0.01,0
369742,0.03,0.69,0.22,0.04,0.02,1
1152468,0.07,0.7,0.2,0.02,0.01,1
1097477,0.03,0.67,0.22,0.06,0.03,1
1324416,0.01,0.79,0.17,0.01,0.02,1
255965,0.02,0.6,0.26,0.09,0.03,1
260321,0.06,0.61,0.25,0.07,0.02,1
535700,0.02,0.56,0.29,0.07,0.05,1
61174,0.01,0.76,0.16,0.06,0.01,1
73894,0.03,0.76,0.13,0.03,0.05,1
1427188,0.03,0.62,0.25,0.09,0.02,1
473725,0.07,0.62,0.22,0.06,0.03,1
1718753,0.05,0.66,0.22,0.04,0.03,1
1326949,0.02,0.74,0.15,0.04,0.04,1
1056364,0.06,0.64,0.22,0.06,0.02,1
1605288,0.02,0.58,0.28,0.09,0.03,1
1811936,0.03,0.84,0.08,0.05,0.01,1
1056345,0.04,0.68,0.21,0.05,0.02,1
436381,0.09,0.77,0.1,0.03,0.01,1
573714,0.03,0.66,0.25,0.04,0.03,1
853571,0.02,0.81,0.13,0.03,0.01,1
1224125,0.02,0.77,0.14,0.04,0.03,1
351585,0.02,0.7,0.2,0.06,0.02,1
1226899,0.08,0.72,0.12,0.05,0.03,1
879246,0.07,0.71,0.15,0.06,0.02,1
1904621,0.02,0.71,0.19,0.05,0.02,1
1613694,0.03,0.6,0.28,0.06,0.02,1
163499,0.03,0.66,0.21,0.06,0.04,1
535706,0.03,0.57,0.24,0.12,0.04,1
535744,0.06,0.71,0.14,0.06,0.02,1
863036,0.02,0.61,0.26,0.08,0.03,1
163931,0.03,0.72,0.16,0.05,0.03,1
65629,0.04,0.6,0.27,0.05,0.05,1
967439,0.04,0.68,0.19,0.06,0.03,1
776811,0.01,0.62,0.33,0.02,0.02,1
1626358,0.03,0.6,0.26,0.08,0.03,1
71302,0.02,0.66,0.21,0.07,0.04,1
706799,0.03,0.57,0.24,0.12,0.03,1
1150587,0.03,0.67,0.24,0.05,0.02,1
1896984,0.03,0.67,0.2,0.07,0.04,1
1081592,0.04,0.76,0.15,0.03,0.02,1
1902552,0.05,0.67,0.21,0.04,0.03,1
1394076,0.02,0.64,0.2,0.1,0.03,1
447996,0.03,0.65,0.19,0.1,0.03,1
862844,0.05,0.64,0.22,0.06,0.03,1
1504822,0.03,0.71,0.19,0.04,0.02,1
100247,0.02,0.78,0.13,0.04,0.02,1
1625004,0.01,0.81,0.14,0.02,0.01,1
1896982,0.03,0.66,0.22,0.07,0.03,1
1576288,0.01,0.84,0.08,0.03,0.05,1
793742,0.03,0.73,0.14,0.08,0.02,1
862860,0.01,0.83,0.1,0.03,0.02,1
1106494,0.04,0.61,0.26,0.07,0.02,1
1896985,0.04,0.61,0.26,0.07,0.02,1
1393446,0.04,0.72,0.1,0.05,0.09,1
449457,0.03,0.74,0.15,0.04,0.02,1
537504,0.07,0.7,0.17,0.05,0.02,1
1402372,0.03,0.65,0.26,0.04,0.02,1
474033,0.02,0.61,0.24,0.08,0.05,1
541085,0.03,0.64,0.22,0.09,0.02,1
1175934,0.04,0.75,0.16,0.04,0.02,1
1056437,0.01,0.67,0.22,0.08,0.02,1
697450,0.03,0.67,0.19,0.09,0.02,1
879552,0.03,0.67,0.22,0.04,0.04,1
1388890,0.03,0.65,0.24,0.05,0.02,1
160345,0.03,0.76,0.16,0.04,0.02,1
344361,0.04,0.68,0.18,0.05,0.06,1
1629395,0.03,0.61,0.26,0.07,0.03,1
862967,0.03,0.69,0.18,0.08,0.03,1
1158156,0.03,0.66,0.23,0.03,0.04,1
1389228,0.02,0.6,0.31,0.05,0.02,1
150508,0.03,0.7,0.16,0.09,0.02,1
633477,0.03,0.79,0.13,0.03,0.02,1
452631,0.05,0.62,0.26,0.03,0.04,1
984699,0.02,0.65,0.24,0.06,0.03,1
150225,0.03,0.34,0.55,0.06,0.02,2
1387689,0.04,0.57,0.17,0.16,0.05,1
348988,0.08,0.72,0.16,0.02,0.01,1
1225424,0.03,0.68,0.2,0.06,0.02,1
1898517,0.04,0.57,0.25,0.08,0.06,1
1238730,0.07,0.58,0.2,0.11,0.03,1
862920,0.03,0.66,0.23,0.07,0.02,1
1262141,0.07,0.67,0.17,0.07,0.02,1
541689,0.08,0.65,0.17,0.05,0.05,1
1683262,0.03,0.63,0.24,0.09,0.02,1
879275,0.02,0.64,0.26,0.05,0.02,1
1225681,0.03,0.55,0.31,0.07,0.04,1
1564660,0.01,0.85,0.1,0.03,0.01,1
163933,0.02,0.69,0.18,0.08,0.04,1
862397,0.02,0.65,0.22,0.06,0.04,1
450759,0.03,0.64,0.22,0.09,0.01,1
1331609,0.03,0.63,0.2,0.07,0.06,1
1259922,0.03,0.63,0.23,0.06,0.05,1
704411,0.07,0.63,0.19,0.05,0.07,1
541079,0.02,0.8,0.13,0.03,0.02,1
1505968,0.02,0.56,0.34,0.07,0.02,1
1053868,0.02,0.6,0.3,0.06,0.02,1
862880,0.02,0.59,0.22,0.12,0.05,1
1158049,0.04,0.71,0.18,0.05,0.02,1
1731253,0.02,0.58,0.24,0.15,0.01,1
160828,0.04,0.73,0.18,0.04,0.01,1
572778,0.03,0.69,0.22,0.03,0.02,1
1230935,0.01,0.8,0.12,0.05,0.01,1
851931,0.04,0.64,0.2,0.09,0.03,1
1238897,0.04,0.81,0.1,0.03,0.01,1
857381,0.03,0.66,0.23,0.05,0.03,1
790437,0.02,0.62,0.28,0.05,0.03,1
473937,0.06,0.76,0.12,0.03,0.02,1
1678845,0.05,0.79,0.13,0.01,0.01,1
351298,0.03,0.6,0.25,0.08,0.04,1
1625535,0.05,0.75,0.14,0.04,0.03,1
351381,0.03,0.64,0.23,0.07,0.04,1
344466,0.06,0.66,0.18,0.02,0.09,1
569399,0.02,0.72,0.21,0.03,0.03,1
1819416,0.02,0.83,0.11,0.02,0.02,1
1402484,0.04,0.57,0.27,0.1,0.03,1
570709,0.06,0.69,0.15,0.05,0.05,1
725641,0.04,0.76,0.13,0.04,0.02,1
878960,0.03,0.63,0.23,0.07,0.03,1
879725,0.09,0.7,0.14,0.03,0.04,1
706800,0.04,0.66,0.2,0.06,0.03,1
809729,0.08,0.73,0.12,0.06,0.02,1
1611801,0.21,0.51,0.24,0.02,0.01,1
1077113,0.02,0.53,0.2,0.11,0.14,1
1261207,0.02,0.72,0.17,0.07,0.02,1
861027,0.09,0.64,0.16,0.1,0.02,1
351431,0.02,0.6,0.24,0.12,0.03,1
1812019,0.01,0.62,0.28,0.05,0.02,1
1812026,0.03,0.74,0.17,0.05,0.02,1
1155056,0.03,0.36,0.44,0.16,0.01,2
1480841,0.03,0.66,0.2,0.06,0.04,1
1814424,0.03,0.8,0.13,0.03,0.01,1
702129,0.02,0.71,0.18,0.03,0.06,1
350215,0.04,0.73,0.15,0.04,0.04,1
1038204,0.08,0.65,0.22,0.03,0.02,1
1718695,0.05,0.56,0.2,0.11,0.08,1
1681675,0.02,0.58,0.29,0.09,0.02,1
1053871,0.02,0.54,0.31,0.12,0.01,1
1399225,0.04,0.73,0.17,0.04,0.02,1
351171,0.02,0.65,0.24,0.05,0.04,1
620784,0.02,0.66,0.22,0.05,0.05,1
1050544,0.04,0.7,0.19,0.04,0.04,1
1524249,0.03,0.66,0.19,0.07,0.04,1
863009,0.03,0.51,0.34,0.09,0.03,1
1149372,0.03,0.7,0.18,0.06,0.03,1
862486,0.02,0.63,0.26,0.05,0.04,1
1681706,0.05,0.76,0.13,0.04,0.02,1
1401202,0.02,0.64,0.27,0.04,0.03,1
163738,0.06,0.69,0.17,0.05,0.03,1
850536,0.03,0.63,0.25,0.06,0.04,1
1264147,0.03,0.66,0.21,0.06,0.03,1
788766,0.12,0.51,0.27,0.05,0.05,1
1732574,0.03,0.59,0.2,0.13,0.04,1
1764607,0.03,0.67,0.2,0.08,0.02,1
1402669,0.05,0.62,0.25,0.06,0.01,1
1609842,0.05,0.71,0.16,0.06,0.03,1
1510182,0.03,0.67,0.21,0.05,0.05,1
705432,0.05,0.73,0.15,0.03,0.04,1
1081736,0.02,0.68,0.23,0.05,0.02,1
1465547,0.02,0.65,0.2,0.05,0.08,1
1037071,0.03,0.64,0.23,0.08,0.01,1
477101,0.04,0.7,0.19,0.04,0.02,1
259384,0.02,0.52,0.25,0.18,0.03,1
1055149,0.02,0.65,0.22,0.07,0.04,1
1907201,0.01,0.63,0.21,0.11,0.03,1
1042596,0.05,0.65,0.2,0.05,0.05,1
1428105,0.04,0.52,0.26,0.18,0.01,1
1229409,0.04,0.68,0.19,0.06,0.03,1
859477,0.06,0.69,0.2,0.02,0.03,1
1836464,0.02,0.59,0.27,0.08,0.04,1
1899374,0.07,0.66,0.19,0.06,0.01,1
1613571,0.03,0.61,0.27,0.08,0.02,1
535207,0.01,0.7,0.22,0.04,0.03,1
1230926,0.02,0.59,0.28,0.06,0.04,1
1422752,0.06,0.65,0.19,0.07,0.03,1
1325971,0.02,0.79,0.14,0.04,0.01,1
1609707,0.03,0.62,0.22,0.1,0.02,1
851417,0.03,0.59,0.27,0.07,0.03,1
1402409,0.02,0.64,0.24,0.06,0.04,1
449459,0.04,0.59,0.24,0.08,0.04,1
75539,0.05,0.71,0.16,0.05,0.03,1
1521539,0.02,0.65,0.25,0.04,0.04,1
970613,0.02,0.72,0.17,0.05,0.04,1
702733,0.03,0.64,0.22,0.07,0.04,1
862469,0.04,0.58,0.23,0.1,0.05,1
1389508,0.01,0.34,0.63,0.02,0.01,2
985119,0.02,0.62,0.24,0.09,0.03,1
1839511,0.06,0.76,0.15,0.02,0.02,1
1401195,0.02,0.8,0.13,0.03,0.02,1
1330919,0.02,0.47,0.34,0.14,0.03,1
280044,0.03,0.51,0.29,0.09,0.09,1
546852,0.05,0.66,0.18,0.07,0.04,1
696641,0.04,0.75,0.14,0.05,0.02,1
543507,0.03,0.68,0.23,0.04,0.02,1
150339,0.05,0.61,0.17,0.1,0.06,1
544552,0.02,0.65,0.22,0.05,0.06,1
879528,0.05,0.7,0.19,0.04,0.02,1
1228508,0.03,0.67,0.2,0.07,0.04,1
1076998,0.09,0.61,0.22,0.05,0.03,1
1263531,0.02,0.53,0.27,0.11,0.06,1
1098571,0.02,0.62,0.28,0.04,0.04,1
1080361,0.1,0.61,0.21,0.04,0.03,1
1933066,0.02,0.72,0.19,0.05,0.02,1
351575,0.01,0.61,0.27,0.05,0.05,1
742250,0.02,0.63,0.25,0.06,0.04,1
1717184,0.06,0.72,0.17,0.03,0.02,1
457987,0.01,0.77,0.16,0.04,0.02,1
541340,0.01,0.33,0.61,0.03,0.01,2
857375,0.03,0.67,0.2,0.07,0.02,1
983061,0.03,0.75,0.16,0.04,0.02,1
545905,0.06,0.65,0.2,0.06,0.03,1
1227180,0.05,0.73,0.14,0.04,0.04,1
537840,0.04,0.72,0.17,0.04,0.03,1
883872,0.02,0.68,0.2,0.07,0.02,1
1805615,0.03,0.66,0.22,0.05,0.04,1
351378,0.02,0.66,0.2,0.07,0.05,1
694177,0.05,0.68,0.19,0.05,0.03,1
1841997,0.03,0.67,0.21,0.06,0.02,1
1238583,0.01,0.79,0.13,0.02,0.05,1
1152469,0.03,0.76,0.15,0.04,0.02,1
862969,0.03,0.76,0.15,0.04,0.02,1
156895,0.04,0.49,0.34,0.05,0.08,1
100155,0.01,0.58,0.19,0.19,0.03,1
1258630,0.02,0.76,0.15,0.05,0.02,1
258735,0.01,0.6,0.29,0.06,0.03,1
862962,0.02,0.45,0.46,0.04,0.03,2
1044150,0.05,0.68,0.19,0.05,0.03,1
573608,0.06,0.66,0.18,0.07,0.04,1
695307,0.04,0.63,0.22,0.08,0.03,1
845501,0.05,0.68,0.17,0.08,0.02,1
1903852,0.06,0.68,0.19,0.04,0.03,1
152565,0.02,0.61,0.29,0.06,0.02,1
1909011,0.03,0.58,0.3,0.06,0.02,1
1231441,0.03,0.71,0.18,0.05,0.03,1
1611722,0.07,0.63,0.19,0.09,0.03,1
862682,0.09,0.69,0.11,0.01,0.1,1
707052,0.03,0.63,0.24,0.06,0.04,1
351170,0.02,0.44,0.07,0.46,0.01,3
1056453,0.04,0.61,0.24,0.04,0.07,1
809377,0.02,0.53,0.29,0.11,0.05,1
1264054,0.04,0.61,0.26,0.07,0.03,1
1056708,0.02,0.71,0.17,0.07,0.02,1
705725,0.02,0.73,0.19,0.03,0.02,1
1626651,0.03,0.52,0.34,0.1,0.01,1
630881,0.01,0.64,0.28,0.05,0.02,1
889269,0.03,0.61,0.26,0.07,0.03,1
338281,0.06,0.68,0.2,0.04,0.03,1
1150681,0.02,0.63,0.24,0.08,0.03,1
473872,0.05,0.64,0.2,0.08,0.04,1
1744787,0.03,0.62,0.26,0.07,0.02,1
1837477,0.06,0.69,0.16,0.05,0.04,1
1932348,0.03,0.7,0.2,0.05,0.02,1
862485,0.03,0.37,0.52,0.05,0.02,2
1906448,0.06,0.64,0.24,0.04,0.02,1
1713853,0.02,0.64,0.21,0.1,0.02,1
1329320,0.03,0.44,0.44,0.07,0.02,1
1348995,0.04,0.71,0.16,0.06,0.03,1
862922,0.05,0.65,0.21,0.07,0.02,1
74722,0.03,0.65,0.23,0.07,0.02,1
546975,0.02,0.68,0.24,0.04,0.02,1
473550,0.02,0.68,0.19,0.07,0.03,1
163726,0.03,0.55,0.29,0.1,0.03,1
337767,0.03,0.61,0.26,0.06,0.03,1
72334,0.02,0.73,0.19,0.04,0.01,1
1038212,0.03,0.64,0.22,0.09,0.02,1
1155106,0.02,0.73,0.17,0.06,0.03,1
885392,0.02,0.52,0.39,0.04,0.03,1
793753,0.01,0.64,0.28,0.06,0.02,1
97269,0.03,0.64,0.23,0.05,0.05,1
1838053,0.02,0.69,0.2,0.03,0.06,1
1899499,0.02,0.81,0.12,0.04,0.01,1
1387690,0.22,0.6,0.14,0.02,0.02,1
1714819,0.03,0.6,0.29,0.08,0.01,1
706103,0.03,0.76,0.15,0.03,0.03,1
533652,0.06,0.65,0.22,0.05,0.02,1
1715040,0.02,0.51,0.39,0.07,0.01,1
1843778,0.02,0.64,0.22,0.07,0.05,1
1040941,0.01,0.74,0.18,0.06,0.01,1
637721,0.04,0.68,0.2,0.05,0.03,1
1814495,0.02,0.73,0.17,0.05,0.02,1
340139,0.05,0.64,0.24,0.04,0.04,1
477141,0.04,0.76,0.15,0.04,0.02,1
1836554,0.02,0.54,0.25,0.09,0.09,1
633478,0.03,0.66,0.21,0.07,0.03,1
1740987,0.03,0.6,0.26,0.09,0.03,1
1348070,0.03,0.62,0.22,0.08,0.05,1
535221,0.04,0.6,0.23,0.07,0.07,1
1718661,0.03,0.61,0.26,0.06,0.04,1
1680867,0.02,0.6,0.3,0.06,0.02,1
1176310,0.05,0.66,0.23,0.03,0.04,1
1396188,0.01,0.88,0.08,0.02,0.01,1
1387695,0.02,0.51,0.37,0.08,0.02,1
262095,0.02,0.71,0.18,0.03,0.06,1
1056731,0.05,0.77,0.14,0.02,0.02,1
534037,0.02,0.59,0.3,0.06,0.03,1
1714997,0.05,0.76,0.16,0.02,0.01,1
351455,0.06,0.71,0.12,0.05,0.06,1
1260604,0.06,0.73,0.15,0.04,0.03,1
1502634,0.04,0.74,0.16,0.04,0.02,1
546701,0.02,0.69,0.2,0.05,0.03,1
448376,0.12,0.59,0.22,0.03,0.03,1
282785,0.03,0.66,0.19,0.09,0.03,1
1401457,0.03,0.49,0.29,0.12,0.07,1
1840755,0.02,0.86,0.08,0.02,0.01,1
477070,0.04,0.65,0.2,0.08,0.03,1
1464393,0.02,0.59,0.27,0.1,0.02,1
1237297,0.03,0.65,0.23,0.07,0.03,1
705172,0.03,0.6,0.26,0.07,0.04,1
1680606,0.03,0.67,0.22,0.06,0.02,1
1232554,0.02,0.61,0.31,0.04,0.02,1
1347163,0.01,0.6,0.27,0.1,0.02,1
339216,0.04,0.57,0.24,0.14,0.01,1
1056225,0.03,0.79,0.14,0.02,0.01,1
1391896,0.04,0.71,0.15,0.05,0.05,1
652834,0.04,0.59,0.14,0.04,0.19,1
881375,0.02,0.67,0.22,0.05,0.05,1
1389067,0.03,0.65,0.21,0.09,0.02,1
861398,0.06,0.74,0.16,0.02,0.02,1
848531,0.04,0.58,0.2,0.13,0.05,1
847669,0.01,0.83,0.12,0.03,0.01,1
1564633,0.04,0.75,0.12,0.06,0.02,1
75418,0.04,0.7,0.16,0.05,0.04,1
1093601,0.04,0.64,0.25,0.04,0.03,1
160834,0.04,0.64,0.23,0.05,0.02,1
702610,0.03,0.62,0.27,0.04,0.04,1
569437,0.03,0.71,0.18,0.05,0.02,1
453606,0.03,0.71,0.17,0.07,0.02,1
1935816,0.05,0.58,0.25,0.09,0.03,1
1606640,0.01,0.85,0.11,0.03,0.01,1
372885,0.03,0.67,0.23,0.05,0.02,1
1667418,0.03,0.61,0.25,0.08,0.02,1
695031,0.02,0.56,0.34,0.06,0.02,1
1149815,0.07,0.65,0.2,0.05,0.03,1
1609210,0.02,0.79,0.11,0.04,0.04,1
1613407,0.02,0.71,0.19,0.06,0.02,1
448362,0.03,0.61,0.22,0.08,0.06,1
1158810,0.03,0.73,0.17,0.04,0.03,1
157280,0.03,0.47,0.21,0.29,0.01,1
1512099,0.04,0.67,0.24,0.03,0.03,1
1607733,0.02,0.64,0.25,0.05,0.04,1
1239127,0.01,0.54,0.39,0.05,0.01,1
256779,0.05,0.63,0.25,0.06,0.01,1
371692,0.05,0.74,0.15,0.05,0.01,1
1609157,0.01,0.89,0.07,0.02,0.01,1
1678838,0.02,0.8,0.09,0.02,0.07,1
1716975,0.03,0.72,0.17,0.05,0.03,1
259386,0.02,0.47,0.32,0.16,0.03,1
697843,0.03,0.65,0.2,0.12,0.01,1
258740,0.01,0.65,0.23,0.06,0.05,1
1608596,0.01,0.73,0.19,0.06,0.01,1
438477,0.09,0.64,0.17,0.08,0.02,1
1045571,0.02,0.47,0.34,0.12,0.06,1
1718702,0.04,0.81,0.12,0.01,0.02,1
862307,0.04,0.63,0.19,0.08,0.05,1
547045,0.02,0.69,0.14,0.04,0.1,1
1231478,0.05,0.73,0.16,0.03,0.03,1
1625252,0.03,0.64,0.19,0.12,0.02,1
986742,0.04,0.62,0.26,0.05,0.03,1
1149814,0.03,0.61,0.25,0.09,0.02,1
881285,0.08,0.64,0.21,0.06,0.02,1
879292,0.02,0.61,0.2,0.13,0.04,1
1836021,0.06,0.67,0.17,0.09,0.01,1
707254,0.02,0.64,0.24,0.06,0.04,1
1056034,0.07,0.78,0.12,0.02,0.01,1
1718714,0.03,0.75,0.17,0.04,0.01,1
1817220,0.04,0.69,0.2,0.04,0.02,1
533653,0.03,0.72,0.17,0.05,0.04,1
338282,0.02,0.71,0.18,0.06,0.03,1
540229,0.03,0.61,0.27,0.07,0.03,1
163739,0.03,0.65,0.22,0.06,0.05,1
1093604,0.06,0.68,0.17,0.08,0.02,1
1326009,0.03,0.73,0.14,0.09,0.02,1
1932565,0.04,0.67,0.21,0.05,0.03,1
1613677,0.02,0.64,0.23,0.04,0.06,1
538987,0.04,0.71,0.19,0.04,0.01,1
1330910,0.02,0.7,0.13,0.12,0.03,1
149948,0.01,0.75,0.19,0.02,0.02,1
879795,0.03,0.69,0.19,0.07,0.02,1
1402659,0.01,0.56,0.29,0.1,0.05,1
283482,0.02,0.6,0.22,0.08,0.08,1
1076915,0.04,0.61,0.24,0.08,0.03,1
473200,0.06,0.71,0.12,0.05,0.06,1
351357,0.04,0.74,0.13,0.07,0.02,1
1325967,0.02,0.69,0.19,0.08,0.02,1
622252,0.03,0.69,0.2,0.03,0.05,1
1759620,0.03,0.58,0.22,0.09,0.08,1
725667,0.04,0.66,0.26,0.02,0.01,1
1681271,0.03,0.69,0.16,0.06,0.07,1
726159,0.04,0.56,0.31,0.06,0.02,1
149951,0.06,0.67,0.18,0.07,0.01,1
1140187,0.03,0.65,0.24,0.07,0.01,1
1330158,0.02,0.72,0.21,0.04,0.01,1
1730448,0.02,0.59,0.26,0.1,0.03,1
960757,0.02,0.41,0.44,0.09,0.05,2
1625542,0.02,0.69,0.22,0.04,0.03,1
1329581,0.03,0.61,0.26,0.06,0.03,1
163819,0.04,0.55,0.14,0.14,0.13,1
1903027,0.04,0.67,0.22,0.05,0.03,1
1427185,0.01,0.71,0.21,0.06,0.01,1
634761,0.02,0.6,0.3,0.07,0.02,1
163616,0.02,0.51,0.28,0.15,0.04,1
152002,0.03,0.78,0.13,0.03,0.03,1
1264161,0.02,0.82,0.12,0.04,0.01,1
1577617,0.05,0.7,0.17,0.07,0.01,1
707072,0.02,0.72,0.18,0.04,0.04,1
449584,0.04,0.7,0.14,0.07,0.05,1
1045944,0.03,0.65,0.22,0.07,0.03,1
970604,0.02,0.6,0.24,0.09,0.05,1
881673,0.03,0.67,0.19,0.09,0.03,1
1096716,0.02,0.52,0.29,0.14,0.02,1
1896642,0.03,0.68,0.23,0.03,0.03,1
1402485,0.03,0.58,0.28,0.07,0.04,1
181301,0.02,0.31,0.35,0.3,0.02,2
881661,0.04,0.67,0.18,0.08,0.01,1
1522140,0.03,0.8,0.11,0.04,0.02,1
967436,0.02,0.68,0.24,0.02,0.04,1
183022,0.04,0.24,0.63,0.05,0.03,2
98206,0.02,0.52,0.35,0.1,0.02,1
1347839,0.03,0.7,0.2,0.05,0.02,1
962534,0.02,0.68,0.22,0.05,0.03,1
1158828,0.02,0.57,0.31,0.08,0.03,1
849019,0.01,0.62,0.31,0.03,0.03,1
723720,0.02,0.67,0.2,0.08,0.02,1
1836478,0.04,0.66,0.19,0.07,0.05,1
1934367,0.03,0.62,0.22,0.12,0.02,1
1718568,0.02,0.62,0.32,0.03,0.02,1
724190,0.02,0.62,0.27,0.08,0.02,1
1464513,0.05,0.71,0.16,0.06,0.03,1
546840,0.03,0.6,0.29,0.06,0.01,1
1739208,0.02,0.62,0.26,0.07,0.02,1
911382,0.02,0.62,0.23,0.1,0.03,1
862700,0.04,0.73,0.15,0.05,0.03,1
878519,0.03,0.65,0.27,0.03,0.02,1
1714366,0.04,0.58,0.28,0.05,0.06,1
1040617,0.02,0.58,0.26,0.1,0.03,1
1910258,0.12,0.59,0.22,0.06,0.02,1
961560,0.03,0.53,0.36,0.07,0.01,1
1046347,0.04,0.57,0.27,0.07,0.05,1
1757418,0.03,0.63,0.24,0.08,0.02,1
964467,0.03,0.5,0.38,0.06,0.03,1
1325745,0.06,0.71,0.19,0.02,0.02,1
264449,0.03,0.64,0.22,0.07,0.04,1
1426141,0.02,0.58,0.25,0.1,0.05,1
343752,0.03,0.57,0.34,0.03,0.02,1
987199,0.02,0.64,0.24,0.06,0.03,1
1683175,0.03,0.54,0.25,0.14,0.04,1
544550,0.03,0.54,0.31,0.09,0.03,1
163683,0.02,0.62,0.25,0.08,0.02,1
1508059,0.03,0.63,0.23,0.07,0.03,1
283206,0.02,0.64,0.23,0.05,0.06,1
727583,0.04,0.67,0.19,0.07,0.04,1
546854,0.06,0.71,0.16,0.04,0.02,1
1579326,0.02,0.63,0.26,0.05,0.04,1
531719,0.07,0.58,0.26,0.06,0.03,1
1511843,0.03,0.68,0.19,0.08,0.02,1
1150690,0.02,0.54,0.27,0.13,0.04,1
536695,0.05,0.71,0.17,0.03,0.05,1
852854,0.04,0.64,0.24,0.07,0.01,1
1512114,0.01,0.73,0.21,0.02,0.02,1
1578720,0.04,0.69,0.22,0.04,0.01,1
1910414,0.03,0.65,0.22,0.08,0.02,1
738554,0.03,0.62,0.23,0.06,0.06,1
100065,0.04,0.76,0.16,0.03,0.01,1
1156198,0.03,0.57,0.16,0.16,0.08,1
545739,0.05,0.72,0.15,0.06,0.02,1
1238945,0.02,0.67,0.22,0.06,0.04,1
706941,0.08,0.6,0.22,0.08,0.02,1
256814,0.02,0.64,0.23,0.07,0.04,1
264340,0.02,0.76,0.18,0.02,0.02,1
862935,0.01,0.69,0.24,0.05,0.01,1
1730423,0.04,0.68,0.21,0.05,0.02,1
262098,0.04,0.67,0.2,0.05,0.04,1
696423,0.02,0.66,0.24,0.05,0.04,1
707206,0.04,0.63,0.24,0.07,0.02,1
1605340,0.03,0.62,0.26,0.07,0.02,1
343151,0.01,0.78,0.17,0.02,0.03,1
263981,0.03,0.62,0.23,0.09,0.03,1
450740,0.01,0.82,0.15,0.01,0.01,1
1056455,0.04,0.65,0.19,0.1,0.02,1
1932564,0.04,0.63,0.24,0.07,0.02,1
777410,0.04,0.66,0.22,0.06,0.03,1
1627790,0.05,0.68,0.18,0.07,0.02,1
1522207,0.05,0.71,0.2,0.03,0.01,1
1150489,0.02,0.6,0.23,0.12,0.03,1
1423328,0.06,0.69,0.19,0.04,0.01,1
343149,0.03,0.59,0.29,0.07,0.02,1
1259931,0.04,0.56,0.27,0.04,0.08,1
341992,0.02,0.75,0.16,0.03,0.03,1
1150487,0.05,0.56,0.22,0.13,0.04,1
529985,0.02,0.7,0.21,0.05,0.02,1
74756,0.09,0.62,0.22,0.04,0.03,1
1238728,0.02,0.58,0.3,0.07,0.03,1
729080,0.02,0.59,0.31,0.06,0.02,1
750829,0.03,0.76,0.15,0.05,0.02,1
1507338,0.03,0.67,0.19,0.05,0.06,1
698925,0.02,0.57,0.31,0.06,0.04,1
1080467,0.09,0.64,0.15,0.06,0.07,1
1056275,0.05,0.62,0.24,0.06,0.02,1
859817,0.04,0.76,0.13,0.04,0.03,1
1568773,0.04,0.79,0.13,0.02,0.02,1
1718045,0.02,0.72,0.19,0.05,0.02,1
351427,0.03,0.7,0.23,0.02,0.02,1
1402404,0.04,0.75,0.14,0.06,0.02,1
567942,0.02,0.66,0.22,0.08,0.02,1
1056701,0.06,0.65,0.21,0.07,0.02,1
450850,0.04,0.68,0.17,0.09,0.02,1
959764,0.03,0.63,0.22,0.06,0.05,1
1078757,0.03,0.61,0.29,0.05,0.02,1
757311,0.02,0.78,0.15,0.03,0.02,1
634755,0.02,0.69,0.21,0.06,0.02,1
1047124,0.03,0.63,0.24,0.08,0.03,1
1613616,0.03,0.69,0.19,0.07,0.03,1
345228,0.05,0.7,0.16,0.08,0.01,1
1077359,0.02,0.54,0.38,0.04,0.02,1
448181,0.03,0.66,0.2,0.09,0.02,1
1177109,0.04,0.65,0.21,0.08,0.02,1
1624579,0.01,0.75,0.15,0.07,0.02,1
1401113,0.04,0.53,0.27,0.13,0.04,1
1056322,0.02,0.66,0.24,0.06,0.02,1
1392345,0.03,0.75,0.13,0.04,0.05,1
1172613,0.03,0.69,0.22,0.05,0.02,1
1401447,0.03,0.65,0.21,0.06,0.04,1
1054595,0.04,0.76,0.13,0.04,0.03,1
451850,0.03,0.67,0.21,0.07,0.02,1
98852,0.07,0.68,0.18,0.05,0.02,1
1274386,0.05,0.64,0.19,0.06,0.06,1
863072,0.01,0.9,0.07,0.01,0.0,1
1467113,0.03,0.84,0.1,0.01,0.01,1
1056324,0.03,0.71,0.17,0.02,0.06,1
1223746,0.04,0.5,0.24,0.08,0.14,1
541346,0.03,0.58,0.26,0.1,0.02,1
1610439,0.02,0.7,0.19,0.04,0.05,1
1442003,0.05,0.59,0.31,0.02,0.03,1
1910387,0.05,0.65,0.2,0.06,0.04,1
261203,0.06,0.72,0.18,0.02,0.02,1
340144,0.03,0.69,0.2,0.06,0.02,1
961290,0.04,0.79,0.12,0.03,0.02,1
855040,0.05,0.63,0.22,0.07,0.04,1
161198,0.03,0.73,0.16,0.04,0.04,1
546963,0.05,0.72,0.17,0.04,0.02,1
1714780,0.03,0.69,0.24,0.03,0.02,1
96435,0.04,0.73,0.19,0.03,0.02,1
1174224,0.03,0.64,0.26,0.06,0.01,1
1231445,0.03,0.74,0.14,0.06,0.03,1
573597,0.04,0.65,0.22,0.07,0.02,1
1714998,0.03,0.67,0.23,0.05,0.03,1
1401454,0.03,0.77,0.13,0.04,0.02,1
1040938,0.02,0.7,0.19,0.07,0.02,1
853925,0.02,0.56,0.23,0.15,0.04,1
851411,0.03,0.6,0.29,0.06,0.02,1
477704,0.03,0.73,0.15,0.06,0.02,1
181105,0.07,0.6,0.2,0.09,0.04,1
280714,0.02,0.75,0.15,0.07,0.01,1
1272532,0.02,0.65,0.21,0.06,0.06,1
153945,0.01,0.74,0.16,0.03,0.05,1
862436,0.04,0.66,0.22,0.06,0.02,1
258734,0.02,0.8,0.13,0.03,0.01,1
1264763,0.02,0.56,0.26,0.12,0.03,1
534018,0.13,0.48,0.28,0.05,0.07,1
1423206,0.02,0.66,0.21,0.06,0.05,1
1576348,0.03,0.69,0.19,0.05,0.03,1
350195,0.05,0.66,0.18,0.05,0.06,1
726249,0.03,0.66,0.23,0.05,0.03,1
631437,0.02,0.61,0.25,0.07,0.05,1
348984,0.02,0.69,0.22,0.05,0.02,1
1150480,0.03,0.72,0.18,0.05,0.02,1
340651,0.03,0.68,0.21,0.05,0.03,1
437351,0.04,0.66,0.19,0.04,0.06,1
1239224,0.03,0.62,0.25,0.06,0.03,1
1046009,0.03,0.68,0.19,0.05,0.05,1
726569,0.08,0.61,0.18,0.08,0.04,1
149674,0.02,0.56,0.38,0.02,0.02,1
960216,0.03,0.63,0.26,0.05,0.03,1
652212,0.03,0.62,0.29,0.04,0.02,1
853570,0.01,0.12,0.62,0.23,0.02,2
156027,0.03,0.62,0.24,0.06,0.05,1
1625002,0.02,0.66,0.21,0.08,0.04,1
1423261,0.02,0.52,0.2,0.22,0.05,1
1810390,0.04,0.72,0.15,0.06,0.03,1
1910068,0.04,0.71,0.16,0.06,0.04,1
1056633,0.02,0.64,0.21,0.05,0.07,1
878968,0.01,0.48,0.14,0.35,0.02,1
1843076,0.01,0.47,0.38,0.09,0.03,1
707164,0.03,0.65,0.23,0.05,0.03,1
78799,0.03,0.65,0.2,0.1,0.03,1
630062,0.05,0.6,0.21,0.12,0.02,1
449834,0.03,0.7,0.21,0.04,0.02,1
1467112,0.02,0.65,0.24,0.05,0.03,1
1606182,0.04,0.71,0.15,0.08,0.02,1
1563762,0.04,0.68,0.18,0.07,0.04,1
1040901,0.02,0.65,0.23,0.07,0.04,1
476668,0.02,0.67,0.19,0.1,0.01,1
1402562,0.07,0.64,0.19,0.07,0.02,1
1667675,0.04,0.8,0.1,0.04,0.02,1
348156,0.02,0.71,0.2,0.03,0.04,1
1427815,0.03,0.6,0.27,0.07,0.02,1
351425,0.05,0.72,0.18,0.04,0.01,1
970167,0.02,0.64,0.26,0.05,0.03,1
1402266,0.01,0.48,0.35,0.14,0.02,1
1613395,0.02,0.61,0.29,0.06,0.01,1
1394818,0.03,0.69,0.17,0.08,0.02,1
726488,0.01,0.75,0.18,0.03,0.02,1
699536,0.03,0.69,0.2,0.05,0.03,1
706969,0.03,0.56,0.23,0.12,0.06,1
707310,0.05,0.62,0.23,0.08,0.02,1
343829,0.06,0.69,0.15,0.07,0.02,1
344906,0.04,0.64,0.25,0.05,0.02,1
1834514,0.04,0.74,0.15,0.05,0.02,1
75414,0.03,0.55,0.33,0.07,0.02,1
1906412,0.02,0.78,0.15,0.04,0.02,1
1533511,0.06,0.61,0.21,0.05,0.06,1
163826,0.01,0.68,0.23,0.07,0.01,1
1395203,0.03,0.49,0.28,0.15,0.04,1
546931,0.01,0.83,0.11,0.03,0.01,1
1239285,0.03,0.59,0.26,0.08,0.04,1
351523,0.03,0.59,0.22,0.08,0.07,1
71637,0.04,0.57,0.2,0.14,0.05,1
1935241,0.04,0.75,0.17,0.02,0.02,1
1812729,0.04,0.68,0.22,0.02,0.04,1
985122,0.03,0.48,0.38,0.09,0.03,1
257406,0.05,0.68,0.17,0.05,0.05,1
340622,0.05,0.66,0.19,0.07,0.04,1
1625639,0.03,0.56,0.3,0.09,0.02,1
1053878,0.09,0.69,0.16,0.02,0.04,1
1056071,0.05,0.72,0.13,0.08,0.02,1
1042603,0.04,0.69,0.18,0.06,0.03,1
256823,0.01,0.9,0.06,0.02,0.01,1
163544,0.03,0.61,0.29,0.04,0.04,1
1056321,0.06,0.62,0.18,0.08,0.06,1
1402472,0.04,0.69,0.2,0.05,0.02,1
72337,0.02,0.62,0.21,0.11,0.03,1
1056791,0.02,0.63,0.24,0.09,0.02,1
854903,0.01,0.72,0.22,0.03,0.02,1
1052552,0.02,0.66,0.25,0.05,0.02,1
861304,0.02,0.79,0.15,0.04,0.01,1
1842536,0.07,0.59,0.25,0.06,0.03,1
1903731,0.01,0.71,0.2,0.05,0.03,1
1712903,0.02,0.66,0.21,0.08,0.03,1
985327,0.01,0.53,0.37,0.07,0.02,1
1900317,0.03,0.69,0.21,0.05,0.02,1
1744784,0.03,0.6,0.24,0.09,0.03,1
451853,0.02,0.74,0.16,0.06,0.02,1
735792,0.03,0.7,0.2,0.03,0.03,1
1225186,0.04,0.71,0.19,0.03,0.03,1
1402497,0.05,0.7,0.2,0.04,0.02,1
79372,0.03,0.67,0.25,0.03,0.02,1
1387230,0.06,0.65,0.24,0.04,0.02,1
1907106,0.03,0.72,0.21,0.02,0.02,1
1814993,0.01,0.75,0.2,0.03,0.02,1
1397371,0.05,0.69,0.16,0.06,0.03,1
706794,0.03,0.63,0.22,0.04,0.07,1
347773,0.03,0.72,0.2,0.02,0.03,1
861812,0.02,0.57,0.3,0.06,0.04,1
545326,0.02,0.55,0.31,0.07,0.04,1
1230394,0.01,0.68,0.22,0.06,0.02,1
1263536,0.02,0.58,0.27,0.11,0.02,1
1812018,0.02,0.57,0.29,0.07,0.05,1
1900310,0.02,0.74,0.16,0.07,0.01,1
1043634,0.03,0.66,0.26,0.03,0.02,1
1425117,0.04,0.67,0.21,0.07,0.01,1
149666,0.05,0.62,0.2,0.08,0.05,1
1424088,0.02,0.59,0.15,0.09,0.15,1
967406,0.05,0.72,0.18,0.02,0.03,1
569150,0.07,0.62,0.19,0.07,0.05,1
163587,0.03,0.67,0.24,0.04,0.02,1
70023,0.06,0.74,0.16,0.02,0.02,1
849506,0.02,0.81,0.12,0.03,0.02,1
349272,0.02,0.6,0.3,0.06,0.02,1
879782,0.02,0.49,0.32,0.12,0.06,1
474858,0.02,0.68,0.22,0.05,0.03,1
78962,0.04,0.68,0.18,0.07,0.02,1
1259920,0.01,0.78,0.15,0.03,0.02,1
1052323,0.02,0.61,0.27,0.07,0.03,1
97553,0.05,0.61,0.25,0.04,0.04,1
1225428,0.06,0.62,0.22,0.08,0.02,1
1262686,0.04,0.67,0.22,0.06,0.01,1
1608940,0.02,0.5,0.33,0.13,0.03,1
912372,0.03,0.73,0.16,0.06,0.03,1
1718759,0.02,0.55,0.36,0.05,0.02,1
704121,0.04,0.59,0.27,0.07,0.03,1
1903024,0.02,0.7,0.2,0.05,0.03,1
258743,0.07,0.63,0.23,0.03,0.04,1
1396997,0.03,0.79,0.12,0.04,0.02,1
1238767,0.03,0.67,0.21,0.07,0.03,1
453610,0.05,0.67,0.18,0.07,0.03,1
1610834,0.02,0.63,0.22,0.08,0.05,1
340420,0.03,0.83,0.1,0.02,0.02,1
148097,0.05,0.69,0.18,0.05,0.02,1
1903848,0.02,0.71,0.21,0.04,0.02,1
1156191,0.02,0.67,0.22,0.05,0.05,1
338962,0.02,0.54,0.34,0.07,0.02,1
845500,0.02,0.64,0.21,0.08,0.04,1
1154294,0.03,0.65,0.22,0.07,0.02,1
547049,0.02,0.71,0.17,0.08,0.03,1
1150604,0.04,0.68,0.2,0.05,0.03,1
545791,0.06,0.76,0.11,0.03,0.04,1
1817210,0.03,0.56,0.24,0.11,0.06,1
706959,0.02,0.61,0.27,0.04,0.06,1
1402116,0.08,0.67,0.17,0.06,0.02,1
707233,0.03,0.64,0.23,0.03,0.07,1
183517,0.02,0.72,0.2,0.04,0.02,1
148102,0.03,0.67,0.2,0.07,0.03,1
342620,0.03,0.69,0.2,0.05,0.03,1
155253,0.03,0.64,0.2,0.09,0.04,1
862458,0.07,0.66,0.18,0.06,0.02,1
810394,0.02,0.81,0.14,0.03,0.01,1
158332,0.03,0.72,0.14,0.08,0.03,1
859820,0.01,0.32,0.6,0.05,0.01,2
1149627,0.02,0.72,0.18,0.05,0.03,1
1504355,0.03,0.69,0.21,0.05,0.02,1
1080537,0.02,0.58,0.35,0.03,0.02,1
985589,0.04,0.61,0.27,0.07,0.02,1
346242,0.03,0.54,0.26,0.14,0.03,1
1393183,0.03,0.71,0.19,0.04,0.03,1
180763,0.04,0.61,0.22,0.07,0.05,1
957497,0.03,0.65,0.23,0.06,0.02,1
1239134,0.02,0.71,0.2,0.04,0.02,1
695071,0.03,0.64,0.23,0.07,0.03,1
449467,0.02,0.58,0.3,0.08,0.02,1
1511884,0.03,0.72,0.19,0.02,0.04,1
1423634,0.01,0.51,0.19,0.05,0.23,1
723764,0.03,0.59,0.25,0.08,0.05,1
1176702,0.03,0.64,0.25,0.06,0.02,1
809876,0.05,0.63,0.18,0.11,0.03,1
1399227,0.03,0.75,0.15,0.06,0.02,1
537503,0.06,0.7,0.16,0.05,0.03,1
1645461,0.03,0.56,0.27,0.09,0.06,1
1839331,0.06,0.52,0.36,0.04,0.03,1
698928,0.09,0.68,0.16,0.04,0.03,1
1898461,0.03,0.76,0.15,0.02,0.05,1
960461,0.02,0.59,0.3,0.07,0.02,1
1289977,0.05,0.65,0.17,0.04,0.09,1
280490,0.01,0.73,0.2,0.03,0.02,1
630661,0.04,0.7,0.21,0.03,0.02,1
1624965,0.03,0.74,0.18,0.04,0.02,1
1423176,0.03,0.66,0.24,0.03,0.03,1
707202,0.05,0.55,0.31,0.05,0.04,1
846541,0.13,0.63,0.19,0.03,0.02,1
1395201,0.04,0.65,0.17,0.11,0.04,1
337986,0.04,0.76,0.15,0.03,0.02,1
1465553,0.02,0.45,0.41,0.1,0.02,1
1910122,0.07,0.6,0.24,0.06,0.04,1
1469104,0.04,0.65,0.2,0.07,0.04,1
631442,0.04,0.8,0.1,0.03,0.03,1
449567,0.12,0.69,0.13,0.03,0.02,1
183410,0.02,0.55,0.19,0.23,0.01,1
255711,0.02,0.58,0.32,0.07,0.02,1
163545,0.03,0.58,0.23,0.13,0.03,1
256174,0.02,0.58,0.24,0.11,0.05,1
1233436,0.04,0.58,0.25,0.06,0.08,1
79373,0.04,0.57,0.19,0.09,0.11,1
1901230,0.03,0.73,0.19,0.02,0.03,1
1140185,0.04,0.66,0.23,0.04,0.03,1
1568885,0.02,0.67,0.21,0.04,0.05,1
1935821,0.03,0.63,0.21,0.07,0.06,1
1932447,0.02,0.73,0.2,0.03,0.02,1
949696,0.05,0.73,0.13,0.04,0.05,1
1044193,0.01,0.7,0.19,0.07,0.02,1
970025,0.06,0.71,0.14,0.07,0.03,1
336231,0.05,0.73,0.14,0.06,0.02,1
1910418,0.03,0.59,0.24,0.09,0.06,1
449580,0.01,0.71,0.19,0.06,0.02,1
969861,0.01,0.86,0.09,0.03,0.01,1
635503,0.02,0.59,0.25,0.09,0.05,1
182154,0.03,0.75,0.15,0.05,0.02,1
742251,0.1,0.69,0.11,0.04,0.06,1
1731576,0.04,0.64,0.23,0.06,0.03,1
1639202,0.03,0.7,0.19,0.03,0.04,1
1262055,0.02,0.67,0.23,0.06,0.01,1
545328,0.02,0.6,0.31,0.05,0.03,1
546947,0.04,0.71,0.15,0.05,0.04,1
695576,0.04,0.66,0.17,0.1,0.04,1
1402492,0.01,0.82,0.13,0.03,0.01,1
148065,0.01,0.37,0.53,0.07,0.01,2
700518,0.06,0.48,0.17,0.1,0.19,1
706873,0.03,0.66,0.22,0.04,0.04,1
722920,0.03,0.65,0.25,0.06,0.02,1
258860,0.03,0.59,0.28,0.08,0.03,1
344905,0.04,0.71,0.2,0.04,0.02,1
450068,0.03,0.6,0.32,0.04,0.02,1
1395676,0.05,0.67,0.2,0.05,0.03,1
694875,0.06,0.63,0.26,0.03,0.02,1
1645882,0.03,0.58,0.28,0.08,0.03,1
1605774,0.02,0.68,0.21,0.08,0.02,1
1228034,0.02,0.71,0.19,0.04,0.03,1
1149670,0.03,0.74,0.17,0.05,0.01,1
697715,0.03,0.58,0.3,0.05,0.05,1
568158,0.03,0.73,0.19,0.04,0.01,1
1580333,0.02,0.68,0.17,0.12,0.01,1
723417,0.03,0.54,0.3,0.09,0.03,1
1177326,0.05,0.77,0.13,0.03,0.02,1
1578442,0.02,0.62,0.22,0.06,0.08,1
179842,0.04,0.53,0.23,0.09,0.1,1
1427532,0.06,0.58,0.21,0.08,0.07,1
1910512,0.03,0.69,0.18,0.07,0.03,1
792886,0.03,0.63,0.22,0.06,0.05,1
1910134,0.01,0.76,0.18,0.03,0.02,1
862762,0.03,0.8,0.12,0.03,0.02,1
727447,0.01,0.41,0.3,0.26,0.03,1
1076989,0.01,0.5,0.4,0.08,0.02,1
1046278,0.03,0.68,0.22,0.05,0.01,1
1908626,0.03,0.65,0.21,0.07,0.03,1
1718622,0.04,0.72,0.16,0.04,0.04,1
1155916,0.03,0.68,0.23,0.04,0.02,1
1080037,0.02,0.56,0.21,0.08,0.12,1
262094,0.03,0.66,0.23,0.05,0.03,1
1578453,0.03,0.7,0.19,0.06,0.02,1
894783,0.04,0.59,0.23,0.07,0.07,1
570430,0.04,0.59,0.29,0.06,0.03,1
862878,0.03,0.74,0.17,0.05,0.01,1
1316878,0.03,0.64,0.27,0.04,0.02,1
1934654,0.03,0.63,0.28,0.04,0.02,1
1422506,0.03,0.72,0.16,0.07,0.03,1
707197,0.03,0.49,0.25,0.11,0.12,1
152523,0.02,0.62,0.22,0.07,0.07,1
700494,0.01,0.76,0.21,0.02,0.01,1
337981,0.03,0.6,0.27,0.05,0.05,1
1679512,0.02,0.63,0.18,0.12,0.04,1
284336,0.02,0.7,0.2,0.05,0.04,1
1903853,0.03,0.64,0.23,0.08,0.02,1
1898014,0.02,0.69,0.22,0.05,0.02,1
100210,0.02,0.58,0.23,0.12,0.05,1
859241,0.02,0.63,0.23,0.09,0.03,1
1056358,0.02,0.63,0.24,0.07,0.04,1
1567652,0.03,0.6,0.24,0.09,0.03,1
853622,0.02,0.68,0.2,0.07,0.02,1
1732033,0.02,0.71,0.18,0.06,0.03,1
1910248,0.02,0.62,0.27,0.07,0.02,1
1056702,0.02,0.64,0.25,0.06,0.03,1
182580,0.01,0.66,0.25,0.04,0.04,1
180300,0.02,0.66,0.2,0.04,0.08,1
346243,0.03,0.56,0.3,0.05,0.06,1
1810591,0.02,0.59,0.15,0.09,0.15,1
1935178,0.04,0.74,0.16,0.02,0.03,1
790727,0.03,0.65,0.18,0.11,0.03,1
1230069,0.03,0.76,0.13,0.05,0.03,1
1177221,0.01,0.58,0.32,0.07,0.02,1
1393182,0.03,0.7,0.19,0.06,0.02,1
859824,0.03,0.66,0.23,0.04,0.04,1
693402,0.03,0.57,0.18,0.16,0.06,1
959769,0.03,0.73,0.18,0.04,0.02,1
337775,0.01,0.78,0.15,0.03,0.03,1
754216,0.1,0.72,0.08,0.04,0.06,1
540624,0.04,0.69,0.16,0.09,0.02,1
1576391,0.02,0.74,0.19,0.04,0.02,1
1910437,0.03,0.62,0.25,0.08,0.02,1
791621,0.04,0.76,0.13,0.04,0.03,1
1322135,0.01,0.81,0.13,0.03,0.02,1
150223,0.04,0.56,0.25,0.11,0.04,1
1328744,0.02,0.68,0.21,0.04,0.04,1
280842,0.02,0.53,0.28,0.12,0.05,1
846526,0.04,0.64,0.19,0.08,0.06,1
180556,0.03,0.5,0.31,0.07,0.1,1
154609,0.04,0.61,0.23,0.07,0.05,1
857637,0.03,0.51,0.32,0.13,0.01,1
73340,0.03,0.59,0.25,0.05,0.07,1
280487,0.18,0.57,0.19,0.03,0.03,1
1261453,0.02,0.67,0.21,0.08,0.02,1
1402549,0.05,0.64,0.17,0.12,0.02,1
1056346,0.04,0.65,0.23,0.07,0.01,1
1900807,0.09,0.67,0.15,0.06,0.03,1
1328638,0.05,0.82,0.11,0.01,0.01,1
1239310,0.03,0.6,0.27,0.08,0.02,1
154605,0.06,0.62,0.27,0.04,0.02,1
1425772,0.04,0.71,0.17,0.06,0.03,1
1679477,0.02,0.65,0.22,0.07,0.04,1
264694,0.04,0.62,0.16,0.1,0.08,1
1577342,0.04,0.55,0.25,0.11,0.05,1
854477,0.03,0.71,0.16,0.07,0.03,1
68819,0.07,0.69,0.17,0.04,0.03,1
535701,0.03,0.67,0.2,0.08,0.03,1
1609585,0.02,0.74,0.18,0.05,0.01,1
1239143,0.01,0.5,0.42,0.05,0.01,1
351377,0.02,0.86,0.07,0.02,0.02,1
1085326,0.03,0.57,0.27,0.08,0.05,1
1045569,0.04,0.73,0.16,0.07,0.01,1
97529,0.05,0.59,0.23,0.12,0.02,1
723898,0.02,0.74,0.15,0.04,0.05,1
1522129,0.04,0.66,0.22,0.07,0.02,1
1576900,0.03,0.63,0.28,0.05,0.02,1
476323,0.03,0.71,0.19,0.05,0.01,1
546692,0.03,0.57,0.31,0.05,0.04,1
1329576,0.02,0.65,0.25,0.04,0.04,1
1155912,0.04,0.59,0.27,0.04,0.06,1
1233430,0.04,0.72,0.16,0.05,0.03,1
1566319,0.02,0.52,0.26,0.16,0.05,1
1810592,0.02,0.56,0.3,0.08,0.04,1
1348462,0.04,0.64,0.27,0.03,0.03,1
880892,0.03,0.68,0.23,0.05,0.02,1
1238771,0.01,0.51,0.44,0.02,0.02,1
1402371,0.04,0.57,0.33,0.02,0.03,1
1325966,0.03,0.58,0.28,0.07,0.04,1
795667,0.03,0.61,0.27,0.07,0.02,1
700026,0.07,0.66,0.17,0.08,0.03,1
346236,0.02,0.47,0.23,0.2,0.08,1
1426704,0.03,0.54,0.29,0.11,0.03,1
1627302,0.05,0.56,0.2,0.1,0.08,1
1391049,0.01,0.5,0.2,0.11,0.18,1
707309,0.02,0.61,0.27,0.07,0.03,1
280072,0.03,0.58,0.33,0.05,0.01,1
156025,0.03,0.63,0.24,0.08,0.03,1
1263626,0.03,0.65,0.23,0.05,0.04,1
862724,0.09,0.72,0.14,0.02,0.03,1
621875,0.01,0.7,0.25,0.02,0.02,1
1080675,0.02,0.7,0.2,0.03,0.04,1
1718672,0.02,0.6,0.17,0.05,0.16,1
698990,0.12,0.52,0.25,0.03,0.08,1
1333789,0.03,0.64,0.26,0.06,0.02,1
533066,0.02,0.79,0.13,0.04,0.03,1
1230925,0.02,0.6,0.28,0.08,0.02,1
724072,0.02,0.69,0.2,0.06,0.03,1
349279,0.04,0.76,0.17,0.02,0.01,1
1522132,0.03,0.59,0.27,0.05,0.06,1
1610161,0.03,0.69,0.2,0.04,0.05,1
1564742,0.03,0.71,0.2,0.04,0.01,1
1156202,0.04,0.67,0.2,0.05,0.03,1
1239192,0.02,0.55,0.35,0.06,0.02,1
71638,0.04,0.72,0.16,0.04,0.04,1
256177,0.03,0.58,0.22,0.04,0.14,1
631636,0.05,0.68,0.19,0.06,0.03,1
1045199,0.02,0.7,0.21,0.04,0.02,1
1402291,0.02,0.71,0.2,0.05,0.01,1
571793,0.04,0.54,0.23,0.1,0.09,1
848334,0.03,0.61,0.25,0.06,0.05,1
697848,0.02,0.77,0.18,0.03,0.01,1
1400971,0.04,0.69,0.18,0.07,0.02,1
985585,0.17,0.58,0.18,0.06,0.01,1
282095,0.03,0.59,0.31,0.05,0.02,1
1511938,0.05,0.68,0.17,0.07,0.03,1
163661,0.02,0.54,0.23,0.18,0.04,1
1521629,0.02,0.68,0.22,0.05,0.02,1
1843137,0.03,0.7,0.21,0.04,0.02,1
1393787,0.03,0.61,0.26,0.06,0.03,1
1259572,0.02,0.5,0.28,0.16,0.04,1
1402101,0.02,0.65,0.24,0.07,0.01,1
961555,0.02,0.73,0.18,0.05,0.02,1
1818868,0.03,0.62,0.23,0.06,0.07,1
1568772,0.02,0.68,0.22,0.05,0.02,1
1228553,0.02,0.6,0.32,0.04,0.02,1
700202,0.01,0.73,0.19,0.04,0.03,1
1227192,0.03,0.66,0.23,0.06,0.01,1
1175496,0.01,0.79,0.15,0.03,0.01,1
1567668,0.02,0.75,0.16,0.05,0.02,1
1522818,0.03,0.6,0.24,0.09,0.04,1
1079691,0.02,0.45,0.37,0.13,0.03,1
539080,0.02,0.58,0.31,0.08,0.01,1
724371,0.04,0.73,0.15,0.03,0.05,1
1262049,0.01,0.67,0.25,0.06,0.01,1
1229659,0.02,0.75,0.16,0.06,0.01,1
904335,0.05,0.62,0.24,0.04,0.06,1
1402290,0.02,0.67,0.13,0.03,0.15,1
707042,0.04,0.7,0.17,0.06,0.03,1
1325751,0.02,0.58,0.26,0.11,0.03,1
1465767,0.03,0.64,0.22,0.07,0.03,1
1054690,0.02,0.72,0.19,0.03,0.03,1
857383,0.02,0.71,0.19,0.06,0.03,1
149665,0.02,0.83,0.11,0.03,0.01,1
1397716,0.02,0.6,0.3,0.07,0.01,1
1056707,0.06,0.71,0.14,0.07,0.02,1
1040417,0.03,0.46,0.26,0.24,0.02,1
75421,0.04,0.59,0.31,0.05,0.01,1
146905,0.08,0.58,0.25,0.08,0.01,1
1259820,0.03,0.48,0.11,0.35,0.02,1
1053859,0.06,0.71,0.17,0.02,0.04,1
1503871,0.07,0.66,0.2,0.05,0.02,1
1239069,0.03,0.68,0.22,0.05,0.02,1
543322,0.03,0.62,0.26,0.07,0.02,1
1402693,0.02,0.63,0.24,0.05,0.05,1
343834,0.03,0.68,0.16,0.05,0.08,1
1052326,0.03,0.73,0.16,0.06,0.02,1
1718595,0.02,0.62,0.23,0.1,0.02,1
1260157,0.03,0.69,0.2,0.05,0.02,1
1504826,0.03,0.65,0.23,0.07,0.02,1
1261531,0.03,0.67,0.21,0.04,0.06,1
350207,0.07,0.7,0.11,0.02,0.1,1
898849,0.03,0.69,0.21,0.04,0.03,1
1040936,0.07,0.68,0.18,0.04,0.02,1
183474,0.4,0.46,0.11,0.02,0.01,1
338957,0.03,0.68,0.2,0.06,0.03,1
962357,0.02,0.62,0.23,0.11,0.03,1
1082222,0.04,0.71,0.18,0.05,0.02,1
1479221,0.04,0.64,0.23,0.09,0.02,1
343792,0.02,0.65,0.22,0.08,0.03,1
1331820,0.09,0.71,0.13,0.05,0.03,1
1231089,0.02,0.69,0.2,0.05,0.04,1
1470429,0.04,0.65,0.13,0.11,0.06,1
1045209,0.02,0.57,0.29,0.09,0.04,1
1716610,0.03,0.6,0.26,0.08,0.03,1
986282,0.03,0.67,0.22,0.04,0.04,1
1389068,0.02,0.69,0.22,0.04,0.03,1
1718634,0.02,0.63,0.18,0.12,0.05,1
1228555,0.02,0.64,0.24,0.06,0.04,1
750832,0.04,0.76,0.15,0.02,0.03,1
1712185,0.04,0.71,0.18,0.05,0.02,1
1402665,0.02,0.53,0.37,0.07,0.02,1
450504,0.05,0.72,0.17,0.05,0.01,1
1238773,0.04,0.55,0.29,0.05,0.07,1
1503985,0.03,0.67,0.2,0.07,0.02,1
880698,0.01,0.71,0.21,0.04,0.03,1
450065,0.03,0.59,0.3,0.06,0.02,1
1402556,0.05,0.6,0.22,0.11,0.03,1
336926,0.04,0.63,0.19,0.09,0.05,1
1348541,0.03,0.68,0.2,0.04,0.05,1
183114,0.02,0.64,0.26,0.05,0.04,1
1529796,0.03,0.67,0.23,0.05,0.02,1
1392315,0.03,0.51,0.24,0.13,0.09,1
1541285,0.03,0.57,0.23,0.12,0.05,1
863005,0.03,0.67,0.17,0.08,0.05,1
1239203,0.05,0.71,0.17,0.04,0.03,1
350203,0.02,0.62,0.26,0.06,0.04,1
1909987,0.03,0.64,0.25,0.04,0.04,1
475253,0.02,0.81,0.13,0.03,0.01,1
739566,0.03,0.67,0.21,0.06,0.02,1
707058,0.05,0.68,0.21,0.04,0.02,1
1508621,0.03,0.66,0.22,0.03,0.05,1
1233026,0.06,0.71,0.14,0.07,0.02,1
179858,0.04,0.69,0.19,0.06,0.03,1
862589,0.01,0.24,0.35,0.39,0.01,3
535223,0.05,0.58,0.3,0.07,0.01,1
1402692,0.03,0.63,0.21,0.1,0.03,1
568338,0.01,0.68,0.21,0.07,0.02,1
726238,0.03,0.63,0.25,0.06,0.04,1
546867,0.04,0.6,0.27,0.06,0.03,1
1333863,0.03,0.74,0.17,0.04,0.02,1
650964,0.02,0.85,0.08,0.03,0.02,1
1900633,0.06,0.68,0.15,0.07,0.04,1
699319,0.05,0.66,0.22,0.05,0.03,1
1236316,0.07,0.82,0.09,0.01,0.01,1
541711,0.02,0.68,0.24,0.04,0.01,1
150844,0.03,0.68,0.19,0.09,0.02,1
1393179,0.03,0.73,0.17,0.05,0.01,1
650780,0.03,0.57,0.28,0.09,0.03,1
1349394,0.03,0.53,0.35,0.07,0.02,1
473695,0.03,0.76,0.16,0.04,0.02,1
1270231,0.03,0.7,0.22,0.03,0.02,1
1731260,0.05,0.57,0.26,0.09,0.02,1
345330,0.03,0.59,0.27,0.1,0.02,1
1910067,0.03,0.65,0.18,0.11,0.03,1
1326892,0.02,0.59,0.25,0.11,0.02,1
476510,0.02,0.72,0.21,0.04,0.02,1
859474,0.04,0.77,0.16,0.02,0.01,1
347777,0.06,0.62,0.24,0.03,0.05,1
707243,0.03,0.66,0.21,0.04,0.07,1
534324,0.04,0.69,0.2,0.04,0.04,1
1505944,0.04,0.68,0.16,0.07,0.05,1
455041,0.03,0.68,0.2,0.05,0.04,1
706943,0.05,0.63,0.21,0.1,0.01,1
1470638,0.06,0.66,0.18,0.07,0.03,1
1761634,0.01,0.71,0.21,0.04,0.03,1
967155,0.03,0.71,0.18,0.06,0.02,1
1565040,0.02,0.64,0.23,0.06,0.05,1
1505964,0.03,0.65,0.24,0.07,0.02,1
1933652,0.04,0.67,0.18,0.08,0.03,1
96327,0.02,0.53,0.39,0.03,0.02,1
881295,0.04,0.6,0.3,0.05,0.02,1
725141,0.03,0.7,0.2,0.05,0.02,1
1044227,0.04,0.65,0.2,0.08,0.03,1
915438,0.03,0.7,0.2,0.02,0.05,1
545740,0.02,0.66,0.22,0.09,0.02,1
1150218,0.05,0.6,0.29,0.03,0.03,1
1040601,0.03,0.63,0.25,0.06,0.04,1
473107,0.04,0.65,0.21,0.08,0.02,1
75540,0.06,0.57,0.29,0.05,0.03,1
163618,0.02,0.72,0.19,0.05,0.02,1
255632,0.02,0.64,0.22,0.08,0.04,1
1237300,0.03,0.71,0.2,0.04,0.03,1
1836469,0.51,0.37,0.08,0.03,0.0,0
1056724,0.04,0.67,0.23,0.04,0.02,1
68820,0.08,0.71,0.13,0.02,0.06,1
1396190,0.03,0.62,0.23,0.08,0.03,1
1732410,0.03,0.59,0.26,0.07,0.05,1
1901591,0.03,0.6,0.27,0.08,0.02,1
1609161,0.05,0.66,0.19,0.05,0.04,1
567992,0.02,0.75,0.17,0.05,0.01,1
160341,0.03,0.65,0.21,0.09,0.03,1
1835669,0.02,0.8,0.15,0.01,0.01,1
546691,0.05,0.72,0.16,0.05,0.02,1
546823,0.02,0.69,0.21,0.05,0.03,1
1399036,0.06,0.67,0.16,0.07,0.05,1
789579,0.03,0.67,0.22,0.06,0.02,1
863102,0.05,0.65,0.2,0.08,0.02,1
572979,0.02,0.61,0.27,0.07,0.03,1
862463,0.02,0.58,0.2,0.06,0.14,1
1040407,0.04,0.72,0.17,0.03,0.03,1
854900,0.03,0.75,0.18,0.02,0.01,1
351284,0.04,0.71,0.18,0.05,0.03,1
1239291,0.04,0.7,0.17,0.05,0.03,1
1079515,0.02,0.58,0.3,0.07,0.03,1
158310,0.03,0.83,0.12,0.02,0.01,1
790753,0.02,0.71,0.16,0.07,0.04,1
862739,0.02,0.6,0.25,0.12,0.01,1
1902496,0.03,0.59,0.24,0.09,0.04,1
1681258,0.03,0.69,0.19,0.06,0.03,1
1348899,0.02,0.74,0.16,0.06,0.02,1
1056734,0.04,0.61,0.22,0.1,0.03,1
652109,0.04,0.62,0.22,0.09,0.02,1
531936,0.05,0.69,0.18,0.06,0.02,1
157283,0.03,0.71,0.2,0.04,0.02,1
339220,0.02,0.71,0.2,0.05,0.02,1
1425122,0.05,0.74,0.14,0.04,0.02,1
786811,0.01,0.61,0.29,0.06,0.03,1
970022,0.02,0.63,0.21,0.09,0.05,1
1158433,0.02,0.67,0.2,0.05,0.07,1
1228514,0.03,0.6,0.27,0.05,0.04,1
1041445,0.01,0.63,0.28,0.06,0.02,1
95921,0.34,0.4,0.08,0.17,0.01,1
159947,0.02,0.54,0.3,0.09,0.05,1
1052941,0.03,0.6,0.27,0.04,0.05,1
182890,0.03,0.69,0.2,0.06,0.01,1
704414,0.02,0.49,0.31,0.17,0.02,1
791631,0.03,0.63,0.27,0.05,0.02,1
155717,0.03,0.62,0.23,0.09,0.04,1
341264,0.03,0.57,0.29,0.1,0.02,1
723117,0.04,0.75,0.16,0.02,0.03,1
1817186,0.03,0.7,0.18,0.07,0.02,1
1624615,0.04,0.56,0.29,0.08,0.02,1
541338,0.03,0.67,0.24,0.03,0.03,1
150341,0.03,0.6,0.28,0.04,0.05,1
535202,0.05,0.6,0.29,0.03,0.03,1
255964,0.02,0.75,0.19,0.03,0.01,1
572912,0.03,0.78,0.11,0.04,0.02,1
351566,0.04,0.61,0.26,0.07,0.02,1
1239307,0.01,0.59,0.27,0.11,0.03,1
1510377,0.03,0.59,0.31,0.05,0.03,1
534046,0.02,0.66,0.24,0.05,0.03,1
707077,0.05,0.71,0.14,0.08,0.03,1
1326955,0.03,0.67,0.22,0.06,0.03,1
1933660,0.02,0.6,0.29,0.07,0.02,1
99123,0.02,0.63,0.22,0.11,0.01,1
790755,0.03,0.68,0.2,0.05,0.04,1
1521826,0.04,0.58,0.27,0.08,0.02,1
693397,0.02,0.71,0.22,0.03,0.02,1
879431,0.02,0.62,0.24,0.05,0.07,1
904715,0.02,0.66,0.24,0.05,0.03,1
1149636,0.03,0.57,0.29,0.07,0.03,1
73890,0.02,0.66,0.23,0.04,0.04,1
573744,0.05,0.73,0.16,0.03,0.02,1
546695,0.02,0.62,0.22,0.12,0.02,1
1610440,0.02,0.5,0.3,0.12,0.06,1
1522137,0.03,0.73,0.17,0.02,0.04,1
789066,0.1,0.56,0.29,0.04,0.01,1
1228506,0.03,0.63,0.25,0.06,0.03,1
846532,0.02,0.66,0.22,0.04,0.06,1
862776,0.03,0.69,0.21,0.02,0.04,1
1238001,0.02,0.6,0.26,0.1,0.02,1
745432,0.02,0.79,0.13,0.06,0.01,1
705724,0.05,0.68,0.19,0.04,0.04,1
1054279,0.03,0.65,0.2,0.07,0.05,1
1683178,0.03,0.74,0.17,0.03,0.02,1
1261621,0.01,0.62,0.27,0.07,0.02,1
1766644,0.05,0.76,0.15,0.02,0.02,1
1900634,0.03,0.68,0.2,0.06,0.03,1
260322,0.02,0.65,0.2,0.04,0.08,1
695769,0.04,0.71,0.18,0.05,0.02,1
1263533,0.04,0.75,0.17,0.02,0.02,1
474912,0.04,0.59,0.28,0.05,0.04,1
544864,0.02,0.75,0.16,0.05,0.02,1
1239288,0.03,0.63,0.26,0.07,0.02,1
1401533,0.02,0.73,0.19,0.04,0.02,1
54134,0.02,0.41,0.31,0.05,0.22,1
1263021,0.03,0.61,0.27,0.07,0.03,1
791625,0.02,0.68,0.21,0.08,0.02,1
1742950,0.01,0.49,0.28,0.19,0.03,1
957294,0.03,0.6,0.27,0.06,0.04,1
861302,0.02,0.67,0.24,0.04,0.03,1
74764,0.03,0.75,0.16,0.05,0.01,1
1047559,0.01,0.5,0.34,0.12,0.03,1
1232546,0.02,0.65,0.22,0.07,0.03,1
97736,0.03,0.56,0.29,0.06,0.06,1
457989,0.02,0.61,0.28,0.06,0.02,1
1225197,0.04,0.7,0.19,0.03,0.05,1
705748,0.02,0.71,0.21,0.04,0.03,1
1038200,0.05,0.67,0.22,0.05,0.02,1
1238581,0.08,0.6,0.2,0.06,0.07,1
163557,0.05,0.74,0.14,0.05,0.02,1
281396,0.02,0.68,0.19,0.09,0.03,1
1504570,0.04,0.56,0.19,0.09,0.12,1
350211,0.05,0.72,0.14,0.06,0.03,1
1910430,0.05,0.68,0.21,0.03,0.03,1
163818,0.05,0.67,0.17,0.05,0.06,1
281571,0.03,0.69,0.21,0.06,0.02,1
539045,0.03,0.47,0.41,0.07,0.02,1
1910246,0.1,0.68,0.15,0.03,0.04,1
261174,0.02,0.55,0.32,0.09,0.03,1
1238984,0.02,0.53,0.28,0.07,0.09,1
1730812,0.03,0.79,0.1,0.06,0.03,1
1329573,0.03,0.68,0.23,0.04,0.02,1
1040618,0.02,0.56,0.29,0.12,0.01,1
1898519,0.02,0.64,0.24,0.07,0.04,1
1083452,0.07,0.75,0.14,0.03,0.01,1
1138307,0.02,0.11,0.25,0.57,0.05,3
1902495,0.02,0.65,0.21,0.08,0.03,1
861306,0.02,0.58,0.3,0.06,0.03,1
338417,0.02,0.61,0.26,0.05,0.05,1
346222,0.04,0.76,0.16,0.03,0.02,1
1234153,0.02,0.57,0.22,0.1,0.09,1
630899,0.02,0.75,0.18,0.03,0.02,1
1056246,0.06,0.64,0.22,0.05,0.03,1
1395059,0.03,0.52,0.34,0.08,0.02,1
1521668,0.01,0.78,0.16,0.03,0.02,1
967408,0.02,0.66,0.19,0.04,0.08,1
1612215,0.03,0.56,0.29,0.08,0.03,1
861397,0.04,0.58,0.27,0.05,0.06,1
1046918,0.03,0.64,0.28,0.03,0.02,1
547036,0.02,0.72,0.2,0.04,0.02,1
1732267,0.05,0.76,0.13,0.05,0.02,1
1147704,0.02,0.61,0.31,0.05,0.02,1
637401,0.03,0.44,0.37,0.1,0.06,1
1349392,0.05,0.67,0.18,0.06,0.04,1
163761,0.01,0.61,0.31,0.05,0.01,1
1836022,0.07,0.7,0.15,0.05,0.03,1
1505715,0.04,0.75,0.15,0.03,0.03,1
370655,0.02,0.74,0.16,0.07,0.02,1
1394670,0.03,0.55,0.33,0.08,0.02,1
1934693,0.04,0.63,0.25,0.05,0.02,1
1470361,0.02,0.63,0.23,0.07,0.05,1
568912,0.03,0.46,0.26,0.11,0.14,1
351398,0.05,0.69,0.21,0.04,0.01,1
78437,0.03,0.72,0.16,0.07,0.02,1
1078755,0.02,0.69,0.2,0.05,0.03,1
630228,0.04,0.72,0.17,0.04,0.02,1
153485,0.02,0.68,0.2,0.07,0.03,1
247726,0.01,0.72,0.22,0.03,0.02,1
723787,0.02,0.65,0.25,0.04,0.04,1
1231323,0.05,0.71,0.12,0.06,0.06,1
1040409,0.06,0.65,0.2,0.07,0.02,1
99217,0.05,0.7,0.14,0.07,0.04,1
1425219,0.01,0.71,0.23,0.04,0.02,1
723072,0.16,0.59,0.22,0.01,0.01,1
1609520,0.02,0.67,0.24,0.05,0.03,1
859239,0.03,0.69,0.2,0.04,0.04,1
1613497,0.04,0.67,0.19,0.08,0.02,1
1750915,0.02,0.64,0.21,0.09,0.04,1
1507413,0.05,0.78,0.13,0.03,0.02,1
1748933,0.03,0.61,0.2,0.05,0.12,1
1605398,0.03,0.7,0.2,0.04,0.03,1
351576,0.02,0.66,0.21,0.06,0.05,1
1239296,0.02,0.73,0.2,0.03,0.02,1
1228480,0.04,0.65,0.18,0.08,0.05,1
351517,0.02,0.73,0.16,0.05,0.04,1
348985,0.03,0.64,0.25,0.07,0.02,1
1052325,0.07,0.71,0.12,0.05,0.04,1
535227,0.04,0.73,0.15,0.05,0.03,1
1259853,0.02,0.66,0.24,0.05,0.03,1
258404,0.04,0.73,0.16,0.05,0.03,1
533344,0.07,0.63,0.24,0.05,0.01,1
1152595,0.01,0.62,0.22,0.1,0.05,1
1636529,0.03,0.6,0.21,0.1,0.06,1
1263429,0.01,0.78,0.15,0.04,0.02,1
350260,0.02,0.82,0.14,0.01,0.01,1
1396191,0.05,0.66,0.17,0.08,0.05,1
693241,0.0,0.59,0.04,0.36,0.0,1
1910386,0.03,0.6,0.26,0.08,0.03,1
1718792,0.05,0.69,0.21,0.03,0.02,1
959536,0.05,0.64,0.19,0.1,0.03,1
1155055,0.07,0.58,0.24,0.09,0.02,1
1894841,0.03,0.72,0.15,0.05,0.05,1
1506488,0.04,0.68,0.18,0.07,0.03,1
1151042,0.04,0.66,0.22,0.06,0.02,1
161522,0.05,0.63,0.25,0.04,0.03,1
545798,0.03,0.78,0.16,0.02,0.01,1
651073,0.03,0.71,0.19,0.06,0.02,1
1081922,0.02,0.64,0.26,0.05,0.02,1
1156185,0.03,0.7,0.22,0.04,0.01,1
1742953,0.04,0.71,0.15,0.07,0.02,1
862758,0.03,0.66,0.24,0.06,0.02,1
1177330,0.04,0.6,0.25,0.08,0.03,1
75412,0.03,0.69,0.21,0.04,0.03,1
723800,0.03,0.42,0.51,0.02,0.02,2
1531427,0.04,0.75,0.14,0.06,0.01,1
1663624,0.03,0.65,0.22,0.05,0.05,1
861029,0.04,0.7,0.18,0.06,0.02,1
100213,0.06,0.57,0.24,0.08,0.05,1
1910002,0.03,0.74,0.16,0.04,0.02,1
969686,0.03,0.63,0.25,0.07,0.01,1
531706,0.02,0.49,0.37,0.08,0.03,1
1812748,0.02,0.57,0.32,0.08,0.02,1
1056527,0.02,0.71,0.14,0.11,0.02,1
957291,0.04,0.61,0.27,0.06,0.02,1
1630340,0.04,0.76,0.16,0.02,0.02,1
547042,0.02,0.78,0.14,0.03,0.02,1
878762,0.03,0.6,0.27,0.08,0.02,1
1669771,0.02,0.65,0.23,0.04,0.06,1
1504342,0.04,0.63,0.26,0.05,0.02,1
1172722,0.03,0.59,0.32,0.04,0.02,1
453614,0.03,0.6,0.25,0.07,0.05,1
859248,0.03,0.66,0.22,0.04,0.04,1
1428567,0.02,0.66,0.25,0.06,0.02,1
859469,0.03,0.68,0.17,0.04,0.07,1
1147906,0.03,0.67,0.19,0.06,0.05,1
1230455,0.04,0.73,0.16,0.05,0.02,1
880046,0.02,0.86,0.09,0.02,0.01,1
72347,0.04,0.74,0.19,0.01,0.01,1
702402,0.04,0.63,0.25,0.07,0.02,1
1532151,0.02,0.74,0.17,0.04,0.02,1
788953,0.02,0.74,0.21,0.02,0.01,1
1228052,0.02,0.68,0.22,0.05,0.03,1
570165,0.01,0.82,0.13,0.03,0.01,1
1512022,0.05,0.68,0.2,0.05,0.02,1
1840004,0.01,0.67,0.22,0.07,0.03,1
1231319,0.1,0.68,0.14,0.04,0.04,1
694699,0.04,0.65,0.21,0.05,0.06,1
67379,0.03,0.68,0.18,0.04,0.06,1
1158939,0.03,0.64,0.29,0.03,0.02,1
1326710,0.05,0.71,0.16,0.06,0.03,1
1040404,0.02,0.79,0.13,0.04,0.02,1
146918,0.05,0.73,0.16,0.04,0.02,1
1177333,0.03,0.69,0.18,0.07,0.03,1
1238933,0.03,0.74,0.16,0.04,0.03,1
859814,0.04,0.55,0.35,0.04,0.02,1
1261074,0.03,0.58,0.23,0.09,0.07,1
1080953,0.04,0.76,0.17,0.02,0.01,1
569190,0.04,0.76,0.14,0.03,0.03,1
1040602,0.05,0.68,0.17,0.04,0.05,1
1935189,0.05,0.66,0.2,0.04,0.05,1
1402726,0.04,0.64,0.19,0.09,0.03,1
1230929,0.04,0.5,0.29,0.08,0.09,1
350208,0.03,0.68,0.2,0.06,0.02,1
1174225,0.01,0.84,0.07,0.06,0.01,1
725926,0.01,0.6,0.28,0.07,0.03,1
1152605,0.02,0.68,0.24,0.04,0.02,1
77886,0.03,0.82,0.11,0.03,0.01,1
1910321,0.04,0.65,0.21,0.06,0.05,1
1607734,0.05,0.64,0.24,0.06,0.02,1
1040412,0.04,0.67,0.22,0.05,0.01,1
1900312,0.03,0.65,0.15,0.1,0.06,1
1426853,0.05,0.68,0.19,0.07,0.02,1
533658,0.02,0.67,0.24,0.05,0.01,1
707242,0.01,0.69,0.21,0.08,0.01,1
1261622,0.03,0.6,0.22,0.1,0.06,1
970159,0.09,0.69,0.1,0.03,0.1,1
1662267,0.04,0.61,0.29,0.03,0.03,1
1175119,0.04,0.67,0.19,0.06,0.04,1
1056174,0.12,0.68,0.1,0.04,0.06,1
1910230,0.04,0.53,0.3,0.02,0.11,1
1041439,0.03,0.55,0.3,0.09,0.02,1
707103,0.05,0.71,0.15,0.04,0.05,1
1394146,0.04,0.65,0.21,0.05,0.06,1
1402360,0.03,0.68,0.18,0.08,0.04,1
960456,0.03,0.61,0.21,0.11,0.04,1
1326160,0.02,0.58,0.3,0.05,0.05,1
1605326,0.05,0.71,0.17,0.04,0.02,1
1227188,0.01,0.64,0.29,0.03,0.02,1
544543,0.04,0.62,0.27,0.04,0.02,1
970605,0.03,0.74,0.17,0.04,0.02,1
1148479,0.01,0.9,0.05,0.02,0.01,1
1901596,0.03,0.64,0.2,0.1,0.02,1
702605,0.01,0.55,0.31,0.11,0.02,1
1259487,0.03,0.7,0.18,0.08,0.02,1
1056704,0.03,0.78,0.13,0.05,0.02,1
861813,0.02,0.65,0.26,0.05,0.02,1
100122,0.04,0.65,0.18,0.09,0.04,1
98176,0.02,0.62,0.29,0.06,0.01,1
261766,0.01,0.62,0.27,0.04,0.05,1
1400375,0.04,0.63,0.19,0.03,0.1,1
477821,0.05,0.68,0.16,0.09,0.02,1
156391,0.01,0.75,0.22,0.02,0.01,1
569492,0.03,0.68,0.18,0.06,0.05,1
340611,0.04,0.68,0.21,0.05,0.02,1
1056274,0.02,0.76,0.13,0.05,0.03,1
1042314,0.03,0.68,0.21,0.06,0.02,1
282588,0.03,0.71,0.19,0.06,0.02,1
1231315,0.07,0.66,0.15,0.05,0.07,1
180322,0.04,0.74,0.14,0.06,0.02,1
1042312,0.02,0.66,0.27,0.02,0.02,1
863140,0.04,0.73,0.13,0.07,0.03,1
1523008,0.03,0.38,0.56,0.01,0.02,2
540226,0.02,0.71,0.18,0.06,0.03,1
372185,0.03,0.62,0.26,0.07,0.02,1
337774,0.01,0.46,0.37,0.14,0.02,1
1935080,0.03,0.78,0.14,0.04,0.02,1
1817213,0.03,0.64,0.26,0.06,0.01,1
1503925,0.05,0.58,0.17,0.13,0.07,1
1176759,0.03,0.81,0.13,0.03,0.01,1
1835625,0.04,0.69,0.16,0.07,0.04,1
1043625,0.02,0.6,0.31,0.04,0.02,1
1836163,0.03,0.68,0.21,0.07,0.02,1
960856,0.06,0.73,0.14,0.04,0.03,1
1898163,0.04,0.66,0.19,0.05,0.06,1
1613560,0.01,0.77,0.17,0.02,0.02,1
155076,0.04,0.6,0.26,0.09,0.02,1
727183,0.04,0.62,0.26,0.06,0.02,1
859471,0.12,0.62,0.16,0.06,0.05,1
1511031,0.03,0.67,0.24,0.04,0.02,1
857377,0.03,0.62,0.24,0.1,0.02,1
69075,0.03,0.65,0.26,0.03,0.03,1
1843462,0.07,0.58,0.27,0.05,0.03,1
537844,0.03,0.68,0.18,0.06,0.04,1
336701,0.07,0.46,0.15,0.25,0.08,1
351215,0.04,0.76,0.15,0.04,0.02,1
862465,0.18,0.56,0.17,0.05,0.05,1
652298,0.03,0.68,0.23,0.05,0.01,1
